DATA DA EXTRACAO;HORA DA EXTRACAO;NUMERO DA INSCRICAO;NOME DO FILIADO;SIGLA DO PARTIDO;NOME DO PARTIDO;UF;CODIGO DO MUNICIPIO;NOME DO MUNICIPIO;ZONA ELEITORAL;SECAO ELEITORAL;DATA DA FILIACAO;SITUACAO DO REGISTRO;TIPO DO REGISTRO;DATA DO PROCESSAMENTO;DATA DA DESFILIACAO;DATA DO CANCELAMENTO;DATA DA REGULARIZACAO;MOTIVO DO CANCELAMENTO
"06/09/2017";"03:34:41";"000095302437";"ANA MARIA DA SILVA FERREIRA";"PROS";"PARTIDO REPUBLICANO DA ORDEM SOCIAL";"AC";"1082";"RODRIGUES ALVES";"4";"169";"30/03/2016";"SUB JUDICE";"OFICIAL";"18/04/2017";"";"";"";""
"06/09/2017";"03:34:41";"000095302437";"ANA MARIA DA SILVA FERREIRA";"PROS";"PARTIDO REPUBLICANO DA ORDEM SOCIAL";"AC";"1082";"RODRIGUES ALVES";"4";"169";"30/03/2016";"SUB JUDICE";"OFICIAL";"18/04/2017";"";"";"";""
"06/09/2017";"03:34:41";"002460752402";"JAICON AZEVEDO DA SILVA";"PROS";"PARTIDO REPUBLICANO DA ORDEM SOCIAL";"AC";"1082";"RODRIGUES ALVES";"4";"84";"30/03/2016";"SUB JUDICE";"OFICIAL";"15/10/2016";"";"";"";""
"06/09/2017";"03:34:41";"002460752402";"JAICON AZEVEDO DA SILVA";"PROS";"PARTIDO REPUBLICANO DA ORDEM SOCIAL";"AC";"1082";"RODRIGUES ALVES";"4";"84";"30/03/2016";"SUB JUDICE";"OFICIAL";"15/10/2016";"";"";"";""
