DATA DA EXTRACAO;HORA DA EXTRACAO;NUMERO DA INSCRICAO;NOME DO FILIADO;SIGLA DO PARTIDO;NOME DO PARTIDO;UF;CODIGO DO MUNICIPIO;NOME DO MUNICIPIO;ZONA ELEITORAL;SECAO ELEITORAL;DATA DA FILIACAO;SITUACAO DO REGISTRO;TIPO DO REGISTRO;DATA DO PROCESSAMENTO;DATA DA DESFILIACAO;DATA DO CANCELAMENTO;DATA DA REGULARIZACAO;MOTIVO DO CANCELAMENTO
"06/09/2017";"03:34:42";"003363242240";"FRANCISCO CARLOS MOREIRA SOARES";"PSDB";"PARTIDO DA SOCIAL DEMOCRACIA BRASILEIRA";"AM";"2054";"ATALAIA DO NORTE";"42";"5";"09/09/2007";"SUB JUDICE";"OFICIAL";"15/04/2016";"";"";"";""
"06/09/2017";"03:34:42";"003363242240";"FRANCISCO CARLOS MOREIRA SOARES";"PSDB";"PARTIDO DA SOCIAL DEMOCRACIA BRASILEIRA";"AM";"2054";"ATALAIA DO NORTE";"42";"5";"12/03/2007";"SUB JUDICE";"OFICIAL";"15/04/2016";"";"";"";""
"06/09/2017";"03:34:42";"012284862267";"MARIA ROSENETTE LOPES MARICAUA";"PSDB";"PARTIDO DA SOCIAL DEMOCRACIA BRASILEIRA";"AM";"2330";"FONTE BOA";"10";"38";"30/03/2016";"SUB JUDICE";"OFICIAL";"15/04/2016";"01/04/2016";"";"";""
"06/09/2017";"03:34:42";"014196022267";"SEBASTIAO BRAZ DO NASCIMENTO";"PSDB";"PARTIDO DA SOCIAL DEMOCRACIA BRASILEIRA";"AM";"2992";"CAAPIRANGA";"55";"11";"30/09/1999";"SUB JUDICE";"OFICIAL";"15/10/2016";"";"";"";""
"06/09/2017";"03:34:42";"014196022267";"SEBASTIAO BRAZ DO NASCIMENTO";"PSDB";"PARTIDO DA SOCIAL DEMOCRACIA BRASILEIRA";"AM";"2992";"CAAPIRANGA";"55";"11";"30/09/2007";"SUB JUDICE";"OFICIAL";"15/10/2016";"";"";"";""
