DATA DA EXTRACAO;HORA DA EXTRACAO;NUMERO DA INSCRICAO;NOME DO FILIADO;SIGLA DO PARTIDO;NOME DO PARTIDO;UF;CODIGO DO MUNICIPIO;NOME DO MUNICIPIO;ZONA ELEITORAL;SECAO ELEITORAL;DATA DA FILIACAO;SITUACAO DO REGISTRO;TIPO DO REGISTRO;DATA DO PROCESSAMENTO;DATA DA DESFILIACAO;DATA DO CANCELAMENTO;DATA DA REGULARIZACAO;MOTIVO DO CANCELAMENTO
"06/09/2017";"03:34:41";"000313092623";"JOSE ANTONIO MORAES E SILVA";"PRB";"PARTIDO REPUBLICANO BRASILEIRO";"RR";"3018";"BOA VISTA";"1";"1";"14/09/2005";"SUB JUDICE";"OFICIAL";"18/04/2017";"";"";"";""
"06/09/2017";"03:34:41";"000313092623";"JOSE ANTONIO MORAES E SILVA";"PRB";"PARTIDO REPUBLICANO BRASILEIRO";"RR";"3018";"BOA VISTA";"1";"1";"23/09/2005";"SUB JUDICE";"OFICIAL";"18/04/2017";"14/10/2010";"07/11/2011";"";"A pedido do eleitor"
"06/09/2017";"03:34:41";"002575342658";"ALEXANDRE MOREIRA DE MORAIS SALES";"PRB";"PARTIDO REPUBLICANO BRASILEIRO";"RR";"3018";"BOA VISTA";"1";"341";"14/09/2005";"SUB JUDICE";"OFICIAL";"18/04/2017";"";"";"";""
"06/09/2017";"03:34:41";"002575342658";"ALEXANDRE MOREIRA DE MORAIS SALES";"PRB";"PARTIDO REPUBLICANO BRASILEIRO";"RR";"3018";"BOA VISTA";"1";"341";"23/09/2005";"SUB JUDICE";"OFICIAL";"18/04/2017";"14/10/2010";"07/11/2011";"";"A pedido do eleitor"
"06/09/2017";"03:34:41";"003061502674";"LIDIA SIMBRICIO";"PRB";"PARTIDO REPUBLICANO BRASILEIRO";"RR";"3077";"BONFIM";"3";"34";"08/04/2008";"SUB JUDICE";"OFICIAL";"18/04/2017";"";"";"";""
"06/09/2017";"03:34:41";"003061502674";"LIDIA SIMBRICIO";"PRB";"PARTIDO REPUBLICANO BRASILEIRO";"RR";"3077";"BONFIM";"3";"34";"29/05/2009";"SUB JUDICE";"OFICIAL";"18/04/2017";"";"";"";""
"06/09/2017";"03:34:41";"001791742658";"CENILDA DA SILVA SILVA";"PRB";"PARTIDO REPUBLICANO BRASILEIRO";"RR";"3018";"BOA VISTA";"1";"213";"14/09/2005";"SUB JUDICE";"OFICIAL";"18/04/2017";"";"";"";""
"06/09/2017";"03:34:41";"001791742658";"CENILDA DA SILVA SILVA";"PRB";"PARTIDO REPUBLICANO BRASILEIRO";"RR";"3018";"BOA VISTA";"1";"213";"23/09/2005";"SUB JUDICE";"OFICIAL";"18/04/2017";"14/10/2010";"07/11/2011";"";"A pedido do eleitor"
"06/09/2017";"03:34:41";"001180622623";"WENDRI DA SILVA LISBOA";"PRB";"PARTIDO REPUBLICANO BRASILEIRO";"RR";"3018";"BOA VISTA";"1";"63";"14/09/2005";"SUB JUDICE";"OFICIAL";"18/04/2017";"";"";"";""
"06/09/2017";"03:34:41";"001180622623";"WENDRI DA SILVA LISBOA";"PRB";"PARTIDO REPUBLICANO BRASILEIRO";"RR";"3018";"BOA VISTA";"1";"63";"27/09/2005";"SUB JUDICE";"OFICIAL";"18/04/2017";"14/10/2010";"07/11/2011";"";"A pedido do eleitor"
"06/09/2017";"03:34:41";"003118952690";"INES MARIANA DA SILVA";"PRB";"PARTIDO REPUBLICANO BRASILEIRO";"RR";"3115";"NORMANDIA";"5";"584";"04/10/2007";"SUB JUDICE";"OFICIAL";"18/04/2017";"30/09/2011";"";"";""
"06/09/2017";"03:34:41";"000424722623";"WALDEMIRO GOMES DE ALBUQUERQUE";"PRB";"PARTIDO REPUBLICANO BRASILEIRO";"RR";"3018";"BOA VISTA";"1";"50";"14/09/2005";"SUB JUDICE";"OFICIAL";"18/04/2017";"";"";"";""
"06/09/2017";"03:34:41";"000424722623";"WALDEMIRO GOMES DE ALBUQUERQUE";"PRB";"PARTIDO REPUBLICANO BRASILEIRO";"RR";"3018";"BOA VISTA";"1";"50";"23/09/2005";"SUB JUDICE";"OFICIAL";"18/04/2017";"14/10/2010";"07/11/2011";"";"A pedido do eleitor"
"06/09/2017";"03:34:41";"003842692607";"MARIA ELIZABETH CAVALCANTE";"PRB";"PARTIDO REPUBLICANO BRASILEIRO";"RR";"3018";"BOA VISTA";"5";"36";"15/04/2009";"SUB JUDICE";"OFICIAL";"18/04/2017";"14/10/2010";"";"";""
"06/09/2017";"03:34:41";"003842692607";"MARIA ELIZABETE SILVA DE SA";"PRB";"PARTIDO REPUBLICANO BRASILEIRO";"RR";"3018";"BOA VISTA";"5";"181";"13/04/2009";"SUB JUDICE";"OFICIAL";"18/04/2017";"14/10/2010";"";"";""
"06/09/2017";"03:34:41";"003881152666";"CICERO ENDERSON BEZERRA NOGUEIRA";"PRB";"PARTIDO REPUBLICANO BRASILEIRO";"RR";"3018";"BOA VISTA";"1";"389";"05/10/2007";"SUB JUDICE";"OFICIAL";"19/10/2011";"14/10/2010";"";"";""
"06/09/2017";"03:34:41";"003881152666";"CICERO ENDERSON NOGUEIRA";"PRB";"PARTIDO REPUBLICANO BRASILEIRO";"RR";"3018";"BOA VISTA";"1";"389";"28/04/2009";"SUB JUDICE";"OFICIAL";"19/10/2011";"28/05/2011";"";"";""
