DATA DA EXTRACAO;HORA DA EXTRACAO;NUMERO DA INSCRICAO;NOME DO FILIADO;SIGLA DO PARTIDO;NOME DO PARTIDO;UF;CODIGO DO MUNICIPIO;NOME DO MUNICIPIO;ZONA ELEITORAL;SECAO ELEITORAL;DATA DA FILIACAO;SITUACAO DO REGISTRO;TIPO DO REGISTRO;DATA DO PROCESSAMENTO;DATA DA DESFILIACAO;DATA DO CANCELAMENTO;DATA DA REGULARIZACAO;MOTIVO DO CANCELAMENTO
"06/09/2017";"03:34:41";"011326292283";"RIVELINO WAGNO RODRIGUES NOBRE";"PSB";"PARTIDO SOCIALISTA BRASILEIRO";"AM";"2054";"ATALAIA DO NORTE";"42";"5";"04/05/2000";"SUB JUDICE";"OFICIAL";"18/04/2017";"";"";"";""
"06/09/2017";"03:34:41";"011326292283";"RIVELINO WAGNO RODRIGUES NOBRE";"PSB";"PARTIDO SOCIALISTA BRASILEIRO";"AM";"2054";"ATALAIA DO NORTE";"42";"5";"28/11/1995";"SUB JUDICE";"OFICIAL";"18/04/2017";"";"";"";""
"06/09/2017";"03:34:41";"036177161341";"LUCIVALDO CARVALHO DE SOUZA";"PSB";"PARTIDO SOCIALISTA BRASILEIRO";"AM";"2550";"MANAUS";"58";"516";"15/03/2000";"SUB JUDICE";"OFICIAL";"18/04/2017";"09/05/2012";"";"";""
"06/09/2017";"03:34:41";"034581332224";"JOSE MARIO MENDES OLIVEIRA JUNIOR";"PSB";"PARTIDO SOCIALISTA BRASILEIRO";"AM";"98418";"PRESIDENTE FIGUEIREDO";"51";"29";"02/04/2016";"SUB JUDICE";"OFICIAL";"18/04/2017";"";"";"";""
"06/09/2017";"03:34:41";"010543242240";"RUBERVAL DOS SANTOS NOGUEIRA";"PSB";"PARTIDO SOCIALISTA BRASILEIRO";"AM";"2550";"MANAUS";"31";"554";"03/10/2007";"SUB JUDICE";"OFICIAL";"18/04/2017";"";"";"";""
"06/09/2017";"03:34:41";"010543242240";"RUBERVAL DOS SANTOS NOGUEIRA";"PSB";"PARTIDO SOCIALISTA BRASILEIRO";"AM";"2550";"MANAUS";"31";"554";"05/11/2005";"SUB JUDICE";"OFICIAL";"18/04/2017";"";"";"";""
"06/09/2017";"03:34:41";"003707242259";"EDSON DA SILVA MONTEIRO";"PSB";"PARTIDO SOCIALISTA BRASILEIRO";"AM";"2550";"MANAUS";"63";"305";"29/03/2003";"SUB JUDICE";"OFICIAL";"18/04/2017";"07/11/2011";"";"";""
"06/09/2017";"03:34:41";"003707242259";"EDSON DA SILVA MONTEIRO";"PSB";"PARTIDO SOCIALISTA BRASILEIRO";"AM";"2550";"MANAUS";"63";"305";"30/05/2001";"SUB JUDICE";"OFICIAL";"18/04/2017";"01/01/2010";"";"";""
