DATA DA EXTRACAO;HORA DA EXTRACAO;NUMERO DA INSCRICAO;NOME DO FILIADO;SIGLA DO PARTIDO;NOME DO PARTIDO;UF;CODIGO DO MUNICIPIO;NOME DO MUNICIPIO;ZONA ELEITORAL;SECAO ELEITORAL;DATA DA FILIACAO;SITUACAO DO REGISTRO;TIPO DO REGISTRO;DATA DO PROCESSAMENTO;DATA DA DESFILIACAO;DATA DO CANCELAMENTO;DATA DA REGULARIZACAO;MOTIVO DO CANCELAMENTO
"06/09/2017";"03:34:40";"017782412240";"GELCIONE ALVES GOMES";"PP";"PARTIDO PROGRESSISTA";"AM";"98370";"ITAMARATI";"69";"2";"10/09/2007";"SUB JUDICE";"OFICIAL";"15/10/2011";"";"";"";""
"06/09/2017";"03:34:40";"017782412240";"GELCIONE ALVES GOMES";"PP";"PARTIDO PROGRESSISTA";"AM";"98370";"ITAMARATI";"69";"2";"07/10/2007";"SUB JUDICE";"OFICIAL";"15/10/2011";"";"";"";""
"06/09/2017";"03:34:40";"018919082216";"ALEXANDRO PEREIRA DE SOUZA";"PP";"PARTIDO PROGRESSISTA";"AM";"2992";"CAAPIRANGA";"55";"15";"14/10/1999";"SUB JUDICE";"OFICIAL";"19/10/2011";"07/10/2011";"";"";""
"06/09/2017";"03:34:40";"018919082216";"ALEXANDRO PEREIRA DE SOUZA";"PP";"PARTIDO PROGRESSISTA";"AM";"2992";"CAAPIRANGA";"55";"15";"14/10/1995";"SUB JUDICE";"OFICIAL";"19/10/2011";"";"";"";""
"06/09/2017";"03:34:40";"012190242216";"FRANCISCO GONCALVES DO NASCIMENTO";"PP";"PARTIDO PROGRESSISTA";"AM";"98396";"MANAQUIRI";"66";"11";"30/07/2007";"SUB JUDICE";"OFICIAL";"15/10/2011";"";"";"";""
"06/09/2017";"03:34:40";"012190242216";"FRANCISCO GONCALVES DO NASCIMENTO";"PP";"PARTIDO PROGRESSISTA";"AM";"98396";"MANAQUIRI";"66";"11";"23/09/2007";"SUB JUDICE";"OFICIAL";"15/10/2011";"";"";"";""
"06/09/2017";"03:34:40";"020167562232";"PAULA MELO DA SILVA";"PP";"PARTIDO PROGRESSISTA";"AM";"2410";"ITACOATIARA";"3";"130";"01/04/2016";"SUB JUDICE";"OFICIAL";"15/04/2016";"";"";"";""
"06/09/2017";"03:34:40";"021128812224";"DANIEL BRANDAO DE ALMEIDA";"PP";"PARTIDO PROGRESSISTA";"AM";"2194";"CANUTAMA";"13";"28";"01/04/2016";"SUB JUDICE";"OFICIAL";"15/04/2016";"";"";"";""
"06/09/2017";"03:34:40";"011229232232";"VERANICE NASCIMENTO DE SOUZA";"PP";"PARTIDO PROGRESSISTA";"AM";"2259";"COARI";"8";"42";"08/01/2016";"SUB JUDICE";"OFICIAL";"15/10/2016";"";"";"";""
"06/09/2017";"03:34:40";"004338742208";"JOAO BOSCO LOPES MAIA";"PP";"PARTIDO PROGRESSISTA";"AM";"2054";"ATALAIA DO NORTE";"42";"1";"23/07/2007";"SUB JUDICE";"OFICIAL";"15/04/2016";"";"";"";""
"06/09/2017";"03:34:40";"004338742208";"JOAO BOSCO LOPES MAIA";"PP";"PARTIDO PROGRESSISTA";"AM";"2054";"ATALAIA DO NORTE";"42";"1";"09/08/2007";"SUB JUDICE";"OFICIAL";"15/04/2016";"";"";"";""
"06/09/2017";"03:34:40";"013431482208";"MARIA DAS GRACAS BEZERRA DA SILVA";"PP";"PARTIDO PROGRESSISTA";"AM";"2313";"ENVIRA";"46";"13";"16/09/2011";"SUB JUDICE";"OFICIAL";"15/10/2011";"";"22/03/2016";"";"A pedido do eleitor"
"06/09/2017";"03:34:40";"004669302240";"JOAO DA SILVA MAIA";"PP";"PARTIDO PROGRESSISTA";"AM";"98370";"ITAMARATI";"69";"2";"20/03/1996";"SUB JUDICE";"OFICIAL";"15/10/2011";"";"";"";""
"06/09/2017";"03:34:40";"004669302240";"JOAO DA SILVA MAIA";"PP";"PARTIDO PROGRESSISTA";"AM";"98370";"ITAMARATI";"69";"2";"10/03/1992";"SUB JUDICE";"OFICIAL";"15/10/2011";"";"";"";""
"06/09/2017";"03:34:40";"016327142240";"ISAIAS DANTAS FERREIRA";"PP";"PARTIDO PROGRESSISTA";"AM";"2992";"CAAPIRANGA";"55";"14";"14/09/2003";"SUB JUDICE";"OFICIAL";"18/04/2017";"07/10/2011";"";"";""
"06/09/2017";"03:34:40";"016327142240";"ISAIAS DANTAS FERREIRA";"PP";"PARTIDO PROGRESSISTA";"AM";"2992";"CAAPIRANGA";"55";"14";"10/09/2003";"SUB JUDICE";"OFICIAL";"18/04/2017";"";"";"";""
