DATA DA EXTRACAO;HORA DA EXTRACAO;NUMERO DA INSCRICAO;NOME DO FILIADO;SIGLA DO PARTIDO;NOME DO PARTIDO;UF;CODIGO DO MUNICIPIO;NOME DO MUNICIPIO;ZONA ELEITORAL;SECAO ELEITORAL;DATA DA FILIACAO;SITUACAO DO REGISTRO;TIPO DO REGISTRO;DATA DO PROCESSAMENTO;DATA DA DESFILIACAO;DATA DO CANCELAMENTO;DATA DA REGULARIZACAO;MOTIVO DO CANCELAMENTO
"06/09/2017";"03:34:39";"105643570221";"CLAUDIO SOARES DA SILVA";"DEM";"DEMOCRATAS";"MG";"52078";"SANTO ANT�NIO DO MONTE";"249";"11";"02/04/2016";"SUB JUDICE";"OFICIAL";"15/04/2016";"";"";"";""
"06/09/2017";"03:34:39";"148642210272";"CLEONE DO PRADO LEITE";"DEM";"DEMOCRATAS";"MG";"53252";"SERICITA";"2";"91";"25/09/2015";"SUB JUDICE";"OFICIAL";"15/04/2016";"";"";"";""
"06/09/2017";"03:34:39";"136167670256";"ROSIMARY BARROSO DOS SANTOS";"DEM";"DEMOCRATAS";"MG";"40118";"�GUA BOA";"67";"120";"02/04/2016";"SUB JUDICE";"OFICIAL";"18/04/2017";"";"";"";""
"06/09/2017";"03:34:39";"029101710299";"JOAO HAMILTON DE OLIVEIRA";"DEM";"DEMOCRATAS";"MG";"51411";"SALTO DA DIVISA";"144";"38";"01/03/1999";"SUB JUDICE";"OFICIAL";"15/10/2011";"";"";"";""
"06/09/2017";"03:34:39";"029101710299";"JOAO HAMILTON DE OLIVEIRA";"DEM";"DEMOCRATAS";"MG";"51411";"SALTO DA DIVISA";"144";"38";"25/09/1999";"SUB JUDICE";"OFICIAL";"15/10/2011";"";"";"";""
