DATA DA EXTRACAO;HORA DA EXTRACAO;NUMERO DA INSCRICAO;NOME DO FILIADO;SIGLA DO PARTIDO;NOME DO PARTIDO;UF;CODIGO DO MUNICIPIO;NOME DO MUNICIPIO;ZONA ELEITORAL;SECAO ELEITORAL;DATA DA FILIACAO;SITUACAO DO REGISTRO;TIPO DO REGISTRO;DATA DO PROCESSAMENTO;DATA DA DESFILIACAO;DATA DO CANCELAMENTO;DATA DA REGULARIZACAO;MOTIVO DO CANCELAMENTO
"06/09/2017";"03:34:42";"015740130574";"MARIO PINTO DE JESUS";"PSL";"PARTIDO SOCIAL LIBERAL";"BA";"33138";"ALAGOINHAS";"163";"221";"02/04/2016";"SUB JUDICE";"OFICIAL";"15/04/2016";"";"";"";""
"06/09/2017";"03:34:42";"013662980582";"ENI GOMES BELA";"PSL";"PARTIDO SOCIAL LIBERAL";"BA";"37974";"PIRITIBA";"54";"50";"20/09/1999";"SUB JUDICE";"OFICIAL";"28/05/2008";"";"";"";""
"06/09/2017";"03:34:42";"078477600531";"NELSON LUIZ BAETA NEVES";"PSL";"PARTIDO SOCIAL LIBERAL";"BA";"37419";"MUCURI";"35";"177";"02/10/2003";"SUB JUDICE";"OFICIAL";"18/04/2017";"";"";"";""
"06/09/2017";"03:34:42";"078477600531";"NELSON LUIZ BAETA NEVES";"PSL";"PARTIDO SOCIAL LIBERAL";"BA";"37419";"MUCURI";"35";"177";"02/12/2003";"SUB JUDICE";"OFICIAL";"18/04/2017";"";"";"";""
"06/09/2017";"03:34:42";"096118790523";"ILMA LOPES DA SILVA";"PSL";"PARTIDO SOCIAL LIBERAL";"BA";"34037";"CAETIT�";"63";"147";"30/09/2007";"SUB JUDICE";"OFICIAL";"15/04/2016";"";"";"";""
"06/09/2017";"03:34:42";"096118790523";"ILMA LOPES DA SILVA";"PSL";"PARTIDO SOCIAL LIBERAL";"BA";"34037";"CAETIT�";"63";"147";"25/09/2007";"SUB JUDICE";"OFICIAL";"15/04/2016";"";"";"";""
