DATA DA EXTRACAO;HORA DA EXTRACAO;NUMERO DA INSCRICAO;NOME DO FILIADO;SIGLA DO PARTIDO;NOME DO PARTIDO;UF;CODIGO DO MUNICIPIO;NOME DO MUNICIPIO;ZONA ELEITORAL;SECAO ELEITORAL;DATA DA FILIACAO;SITUACAO DO REGISTRO;TIPO DO REGISTRO;DATA DO PROCESSAMENTO;DATA DA DESFILIACAO;DATA DO CANCELAMENTO;DATA DA REGULARIZACAO;MOTIVO DO CANCELAMENTO
"06/09/2017";"03:34:39";"093079070299";"LUIZ CARLOS DO NASCIMENTO BARBOSA";"PHS";"PARTIDO HUMANISTA DA SOLIDARIEDADE";"MG";"47333";"JUIZ DE FORA";"153";"218";"13/01/2015";"SUB JUDICE";"OFICIAL";"18/04/2017";"";"";"";""
"06/09/2017";"03:34:39";"100518430256";"ANGELA MARCIA DAMACENA";"PHS";"PARTIDO HUMANISTA DA SOLIDARIEDADE";"MG";"47910";"MANTENA";"169";"45";"02/04/2016";"SUB JUDICE";"OFICIAL";"18/04/2017";"";"";"";""
"06/09/2017";"03:34:39";"056141490213";"DOMINGOS MAGELA PIO";"PHS";"PARTIDO HUMANISTA DA SOLIDARIEDADE";"MG";"49476";"PARAOPEBA";"206";"47";"02/04/2016";"SUB JUDICE";"OFICIAL";"18/04/2017";"";"";"";""
"06/09/2017";"03:34:39";"196879040230";"LUCAS DA SILVA FERNANDES";"PHS";"PARTIDO HUMANISTA DA SOLIDARIEDADE";"MG";"47910";"MANTENA";"169";"133";"02/04/2016";"SUB JUDICE";"OFICIAL";"15/10/2016";"";"";"";""
