DATA DA EXTRACAO;HORA DA EXTRACAO;NUMERO DA INSCRICAO;NOME DO FILIADO;SIGLA DO PARTIDO;NOME DO PARTIDO;UF;CODIGO DO MUNICIPIO;NOME DO MUNICIPIO;ZONA ELEITORAL;SECAO ELEITORAL;DATA DA FILIACAO;SITUACAO DO REGISTRO;TIPO DO REGISTRO;DATA DO PROCESSAMENTO;DATA DA DESFILIACAO;DATA DO CANCELAMENTO;DATA DA REGULARIZACAO;MOTIVO DO CANCELAMENTO
"06/09/2017";"03:34:39";"033231820663";"RAIMUNDO JACINTO DA SILVA";"DEM";"DEMOCRATAS";"PR";"77259";"NOVA LONDRINA";"96";"41";"01/10/2007";"SUB JUDICE";"OFICIAL";"15/04/2016";"";"23/05/2016";"";""
"06/09/2017";"03:34:39";"033231820663";"RAIMUNDO JACINTO DA SILVA";"DEM";"DEMOCRATAS";"PR";"77259";"NOVA LONDRINA";"96";"41";"15/12/1995";"SUB JUDICE";"OFICIAL";"15/04/2016";"";"23/05/2016";"";""
"06/09/2017";"03:34:39";"033312050620";"NELSON PEREIRA DA SILVA";"DEM";"DEMOCRATAS";"PR";"77259";"NOVA LONDRINA";"96";"53";"01/10/2007";"SUB JUDICE";"OFICIAL";"15/04/2016";"";"23/05/2016";"";""
"06/09/2017";"03:34:39";"033166710647";"LOURENCO BERNARDINELLI";"DEM";"DEMOCRATAS";"PR";"77259";"NOVA LONDRINA";"96";"36";"01/10/2007";"SUB JUDICE";"OFICIAL";"15/04/2016";"";"18/05/2016";"";""
"06/09/2017";"03:34:39";"033166710647";"LOURENCO BERNARDINELLI";"DEM";"DEMOCRATAS";"PR";"77259";"NOVA LONDRINA";"96";"36";"15/12/1995";"SUB JUDICE";"OFICIAL";"15/04/2016";"";"18/05/2016";"";""
"06/09/2017";"03:34:39";"033206960612";"SEBASTIAO NETTO DA SILVA";"DEM";"DEMOCRATAS";"PR";"77259";"NOVA LONDRINA";"96";"31";"01/10/2007";"SUB JUDICE";"OFICIAL";"15/04/2016";"";"23/05/2016";"";""
"06/09/2017";"03:34:39";"033206960612";"SEBASTIAO NETTO DA SILVA";"DEM";"DEMOCRATAS";"PR";"77259";"NOVA LONDRINA";"96";"31";"15/12/1995";"SUB JUDICE";"OFICIAL";"15/04/2016";"";"23/05/2016";"";""
"06/09/2017";"03:34:39";"033158050639";"ITAIR PIVA";"DEM";"DEMOCRATAS";"PR";"77259";"NOVA LONDRINA";"96";"30";"01/10/2007";"SUB JUDICE";"OFICIAL";"15/04/2016";"";"18/05/2016";"";""
"06/09/2017";"03:34:39";"033158050639";"ITAIR PIVA";"DEM";"DEMOCRATAS";"PR";"77259";"NOVA LONDRINA";"96";"30";"15/12/1995";"SUB JUDICE";"OFICIAL";"15/04/2016";"";"28/04/2016";"";""
"06/09/2017";"03:34:39";"086931670698";"VALDECIR JOSE DE SOUZA";"DEM";"DEMOCRATAS";"PR";"74675";"CALIF�RNIA";"76";"54";"01/04/2016";"SUB JUDICE";"OFICIAL";"15/10/2016";"";"";"";""
"06/09/2017";"03:34:39";"033224180680";"WILMAR JOSE TOLEDO";"DEM";"DEMOCRATAS";"PR";"77259";"NOVA LONDRINA";"96";"39";"01/10/2007";"SUB JUDICE";"OFICIAL";"15/04/2016";"";"18/05/2016";"";""
"06/09/2017";"03:34:39";"033224180680";"WILMAR JOSE TOLEDO";"DEM";"DEMOCRATAS";"PR";"77259";"NOVA LONDRINA";"96";"39";"15/12/1995";"SUB JUDICE";"OFICIAL";"15/04/2016";"";"18/05/2016";"";""
"06/09/2017";"03:34:39";"033217490612";"MANOEL RAIMUNDO ANGELIN";"DEM";"DEMOCRATAS";"PR";"77259";"NOVA LONDRINA";"96";"48";"01/10/2007";"SUB JUDICE";"OFICIAL";"15/04/2016";"";"20/05/2016";"";""
"06/09/2017";"03:34:39";"033217490612";"MANOEL RAIMUNDO ANGELIN";"DEM";"DEMOCRATAS";"PR";"77259";"NOVA LONDRINA";"96";"48";"15/12/1995";"SUB JUDICE";"OFICIAL";"15/04/2016";"";"20/05/2016";"";""
"06/09/2017";"03:34:39";"033275330655";"FRANCISCO RODRIGUES DE SOUZA";"DEM";"DEMOCRATAS";"PR";"77259";"NOVA LONDRINA";"96";"53";"01/10/2007";"SUB JUDICE";"OFICIAL";"15/04/2016";"";"28/04/2016";"";""
"06/09/2017";"03:34:39";"033275330655";"FRANCISCO RODRIGUES DE SOUZA";"DEM";"DEMOCRATAS";"PR";"77259";"NOVA LONDRINA";"96";"53";"15/12/1995";"SUB JUDICE";"OFICIAL";"15/04/2016";"";"28/04/2016";"";""
"06/09/2017";"03:34:39";"033178070604";"FUKUSO YARA";"DEM";"DEMOCRATAS";"PR";"77259";"NOVA LONDRINA";"96";"32";"01/10/2007";"SUB JUDICE";"OFICIAL";"15/04/2016";"";"28/04/2016";"";""
"06/09/2017";"03:34:39";"033178070604";"FUKUSO YARA";"DEM";"DEMOCRATAS";"PR";"77259";"NOVA LONDRINA";"96";"32";"22/03/1999";"SUB JUDICE";"OFICIAL";"15/04/2016";"";"28/04/2016";"";""
"06/09/2017";"03:34:39";"084132340655";"LUCAS LI�A";"DEM";"DEMOCRATAS";"PR";"74810";"CAMPO LARGO";"182";"108";"27/09/2011";"SUB JUDICE";"OFICIAL";"15/04/2016";"";"22/11/2013";"";"A pedido do eleitor"
