DATA DA EXTRACAO;HORA DA EXTRACAO;NUMERO DA INSCRICAO;NOME DO FILIADO;SIGLA DO PARTIDO;NOME DO PARTIDO;UF;CODIGO DO MUNICIPIO;NOME DO MUNICIPIO;ZONA ELEITORAL;SECAO ELEITORAL;DATA DA FILIACAO;SITUACAO DO REGISTRO;TIPO DO REGISTRO;DATA DO PROCESSAMENTO;DATA DA DESFILIACAO;DATA DO CANCELAMENTO;DATA DA REGULARIZACAO;MOTIVO DO CANCELAMENTO
"06/09/2017";"03:34:39";"034113742763";"GILMAR VARGAS DA SILVA";"PC DO B";"PARTIDO COMUNISTA DO BRASIL";"TO";"73296";"ESPERANTINA";"10";"79";"13/04/2007";"SUB JUDICE";"OFICIAL";"15/04/2014";"";"";"";""
"06/09/2017";"03:34:39";"034113742763";"GILMAR VARGAS DA SILVA";"PC DO B";"PARTIDO COMUNISTA DO BRASIL";"TO";"73296";"ESPERANTINA";"10";"79";"16/04/2007";"SUB JUDICE";"OFICIAL";"15/04/2014";"";"";"";""
"06/09/2017";"03:34:39";"023059532720";"RAIMUNDO NONATO OLIVEIRA DA SILVA";"PC DO B";"PARTIDO COMUNISTA DO BRASIL";"TO";"73296";"ESPERANTINA";"10";"65";"06/04/2007";"SUB JUDICE";"OFICIAL";"15/04/2014";"";"";"";""
"06/09/2017";"03:34:39";"023059532720";"RAIMUNDO NONATO OLIVEIRA DA SILVA";"PC DO B";"PARTIDO COMUNISTA DO BRASIL";"TO";"73296";"ESPERANTINA";"10";"65";"16/04/2007";"SUB JUDICE";"OFICIAL";"15/04/2014";"";"";"";""
"06/09/2017";"03:34:39";"029201782704";"MARIA DA CONCEICAO SILVA MINA";"PC DO B";"PARTIDO COMUNISTA DO BRASIL";"TO";"73296";"ESPERANTINA";"10";"62";"15/04/2007";"SUB JUDICE";"OFICIAL";"15/04/2014";"";"";"";""
"06/09/2017";"03:34:39";"029201782704";"MARIA DA CONCEICAO SILVA MINA";"PC DO B";"PARTIDO COMUNISTA DO BRASIL";"TO";"73296";"ESPERANTINA";"10";"62";"16/04/2007";"SUB JUDICE";"OFICIAL";"15/04/2014";"";"";"";""
"06/09/2017";"03:34:39";"018376852712";"JOAO PEREIRA NETO";"PC DO B";"PARTIDO COMUNISTA DO BRASIL";"TO";"73296";"ESPERANTINA";"10";"104";"15/04/2007";"SUB JUDICE";"OFICIAL";"15/04/2014";"";"";"";""
"06/09/2017";"03:34:39";"018376852712";"JOAO PEREIRA NETO";"PC DO B";"PARTIDO COMUNISTA DO BRASIL";"TO";"73296";"ESPERANTINA";"10";"104";"16/04/2007";"SUB JUDICE";"OFICIAL";"15/04/2014";"";"";"";""
