DATA DA EXTRACAO;HORA DA EXTRACAO;NUMERO DA INSCRICAO;NOME DO FILIADO;SIGLA DO PARTIDO;NOME DO PARTIDO;UF;CODIGO DO MUNICIPIO;NOME DO MUNICIPIO;ZONA ELEITORAL;SECAO ELEITORAL;DATA DA FILIACAO;SITUACAO DO REGISTRO;TIPO DO REGISTRO;DATA DO PROCESSAMENTO;DATA DA DESFILIACAO;DATA DO CANCELAMENTO;DATA DA REGULARIZACAO;MOTIVO DO CANCELAMENTO
"06/09/2017";"03:34:41";"056350571007";"LORRANE RODRIGUES FERREIRA";"PRTB";"PARTIDO RENOVADOR TRABALHISTA BRASILEIRO";"GO";"93971";"IPAMERI";"14";"20";"02/04/2016";"SUB JUDICE";"OFICIAL";"07/06/2016";"";"";"";""
"06/09/2017";"03:34:41";"044396081023";"JOVANE MARTINS CARDOSO";"PRTB";"PARTIDO RENOVADOR TRABALHISTA BRASILEIRO";"GO";"95710";"RIO VERDE";"140";"236";"01/04/2016";"SUB JUDICE";"OFICIAL";"15/10/2016";"";"";"";""
"06/09/2017";"03:34:41";"054084671090";"GABRIEL PEREIRA MAIA DE OLIVEIRA";"PRTB";"PARTIDO RENOVADOR TRABALHISTA BRASILEIRO";"GO";"95710";"RIO VERDE";"140";"175";"01/04/2016";"SUB JUDICE";"OFICIAL";"15/10/2016";"";"";"";""
"06/09/2017";"03:34:41";"036009971007";"VILMAR RODRIGUES COELHO";"PRTB";"PARTIDO RENOVADOR TRABALHISTA BRASILEIRO";"GO";"96695";"ARAGUAPAZ";"110";"68";"02/04/2016";"SUB JUDICE";"OFICIAL";"15/10/2016";"";"";"";""
