DATA DA EXTRACAO;HORA DA EXTRACAO;NUMERO DA INSCRICAO;NOME DO FILIADO;SIGLA DO PARTIDO;NOME DO PARTIDO;UF;CODIGO DO MUNICIPIO;NOME DO MUNICIPIO;ZONA ELEITORAL;SECAO ELEITORAL;DATA DA FILIACAO;SITUACAO DO REGISTRO;TIPO DO REGISTRO;DATA DO PROCESSAMENTO;DATA DA DESFILIACAO;DATA DO CANCELAMENTO;DATA DA REGULARIZACAO;MOTIVO DO CANCELAMENTO
"06/09/2017";"03:34:40";"030920562267";"GEAN BERNALDINO RAMOS";"PRB";"PARTIDO REPUBLICANO BRASILEIRO";"AM";"98370";"ITAMARATI";"69";"8";"28/07/2007";"SUB JUDICE";"OFICIAL";"18/04/2017";"";"";"";""
"06/09/2017";"03:34:40";"030920562267";"GEAN BERNALDINO RAMOS";"PRB";"PARTIDO REPUBLICANO BRASILEIRO";"AM";"98370";"ITAMARATI";"69";"8";"28/09/2007";"SUB JUDICE";"OFICIAL";"18/04/2017";"";"";"";""
"06/09/2017";"03:34:40";"034403552283";"SADRAQUE DOS SANTOS DE LIMA";"PRB";"PARTIDO REPUBLICANO BRASILEIRO";"AM";"2453";"JAPUR�";"48";"14";"02/04/2016";"SUB JUDICE";"OFICIAL";"15/04/2016";"";"";"";""
"06/09/2017";"03:34:40";"021128812224";"DANIEL BRANDAO DE ALMEIDA";"PRB";"PARTIDO REPUBLICANO BRASILEIRO";"AM";"2194";"CANUTAMA";"13";"28";"01/04/2016";"SUB JUDICE";"OFICIAL";"18/04/2017";"";"";"";""
