DATA DA EXTRACAO;HORA DA EXTRACAO;NUMERO DA INSCRICAO;NOME DO FILIADO;SIGLA DO PARTIDO;NOME DO PARTIDO;UF;CODIGO DO MUNICIPIO;NOME DO MUNICIPIO;ZONA ELEITORAL;SECAO ELEITORAL;DATA DA FILIACAO;SITUACAO DO REGISTRO;TIPO DO REGISTRO;DATA DO PROCESSAMENTO;DATA DA DESFILIACAO;DATA DO CANCELAMENTO;DATA DA REGULARIZACAO;MOTIVO DO CANCELAMENTO
"06/09/2017";"03:34:39";"003118952690";"INES MARIANA DA SILVA";"PC DO B";"PARTIDO COMUNISTA DO BRASIL";"RR";"3115";"NORMANDIA";"5";"584";"27/09/2012";"SUB JUDICE";"OFICIAL";"18/04/2017";"";"";"";""
"06/09/2017";"03:34:39";"001390952631";"ALMIR PEREIRA DE OLIVEIRA";"PC DO B";"PARTIDO COMUNISTA DO BRASIL";"RR";"3018";"BOA VISTA";"5";"356";"19/09/2013";"SUB JUDICE";"OFICIAL";"15/10/2016";"";"";"";""
"06/09/2017";"03:34:39";"000478372674";"FRANCISCO RODRIGUES AMORIM";"PC DO B";"PARTIDO COMUNISTA DO BRASIL";"RR";"3018";"BOA VISTA";"1";"32";"28/01/1998";"SUB JUDICE";"OFICIAL";"18/04/2017";"28/01/1998";"09/11/2011";"";"A pedido do partido"
"06/09/2017";"03:34:39";"000478372674";"FRANCISCO RODRIGUES AMORIM";"PC DO B";"PARTIDO COMUNISTA DO BRASIL";"RR";"3018";"BOA VISTA";"1";"32";"28/01/1988";"SUB JUDICE";"OFICIAL";"18/04/2017";"";"";"";""
