DATA DA EXTRACAO;HORA DA EXTRACAO;NUMERO DA INSCRICAO;NOME DO FILIADO;SIGLA DO PARTIDO;NOME DO PARTIDO;UF;CODIGO DO MUNICIPIO;NOME DO MUNICIPIO;ZONA ELEITORAL;SECAO ELEITORAL;DATA DA FILIACAO;SITUACAO DO REGISTRO;TIPO DO REGISTRO;DATA DO PROCESSAMENTO;DATA DA DESFILIACAO;DATA DO CANCELAMENTO;DATA DA REGULARIZACAO;MOTIVO DO CANCELAMENTO
"06/09/2017";"03:34:41";"293300750159";"ALEXANDRE DA SILVA";"PRB";"PARTIDO REPUBLICANO BRASILEIRO";"SP";"71870";"TEODORO SAMPAIO";"330";"122";"02/04/2016";"SUB JUDICE";"OFICIAL";"18/04/2017";"";"";"";""
"06/09/2017";"03:34:41";"210779400132";"MARCO ANT�NIO VELLO";"PRB";"PARTIDO REPUBLICANO BRASILEIRO";"SP";"62499";"BOTUCATU";"26";"182";"20/04/2016";"SUB JUDICE";"OFICIAL";"15/10/2016";"";"";"";""
"06/09/2017";"03:34:41";"233454200191";"MARILSA DIAS DE SOUZA";"PRB";"PARTIDO REPUBLICANO BRASILEIRO";"SP";"69612";"RIBEIR�O BRANCO";"53";"119";"16/04/2016";"SUB JUDICE";"OFICIAL";"18/04/2017";"";"";"";""
"06/09/2017";"03:34:41";"210779400132";"MARCO ANTONIO VELLO";"PRB";"PARTIDO REPUBLICANO BRASILEIRO";"SP";"62499";"BOTUCATU";"26";"182";"28/09/2007";"SUB JUDICE";"OFICIAL";"15/10/2016";"";"";"";""
