DATA DA EXTRACAO;HORA DA EXTRACAO;NUMERO DA INSCRICAO;NOME DO FILIADO;SIGLA DO PARTIDO;NOME DO PARTIDO;UF;CODIGO DO MUNICIPIO;NOME DO MUNICIPIO;ZONA ELEITORAL;SECAO ELEITORAL;DATA DA FILIACAO;SITUACAO DO REGISTRO;TIPO DO REGISTRO;DATA DO PROCESSAMENTO;DATA DA DESFILIACAO;DATA DO CANCELAMENTO;DATA DA REGULARIZACAO;MOTIVO DO CANCELAMENTO
"06/09/2017";"03:34:41";"123280180540";"ADELMO JOSE SOARES";"PRTB";"PARTIDO RENOVADOR TRABALHISTA BRASILEIRO";"BA";"33499";"BAIAN�POLIS";"126";"127";"01/04/2016";"SUB JUDICE";"OFICIAL";"15/04/2016";"";"";"";""
"06/09/2017";"03:34:41";"119766420566";"TRACISIO PEREIRA BITENCOURT";"PRTB";"PARTIDO RENOVADOR TRABALHISTA BRASILEIRO";"BA";"34134";"CAMA�ARI";"170";"131";"02/04/2016";"SUB JUDICE";"OFICIAL";"15/04/2016";"";"";"";""
"06/09/2017";"03:34:41";"070236370523";"MANOEL CARDOSO SANTOS";"PRTB";"PARTIDO RENOVADOR TRABALHISTA BRASILEIRO";"BA";"37419";"MUCURI";"35";"205";"28/09/2003";"SUB JUDICE";"OFICIAL";"19/10/2011";"";"";"";""
"06/09/2017";"03:34:41";"070236370523";"MANOEL CARDOSO SANTOS";"PRTB";"PARTIDO RENOVADOR TRABALHISTA BRASILEIRO";"BA";"37419";"MUCURI";"35";"205";"05/10/2007";"SUB JUDICE";"OFICIAL";"19/10/2011";"";"";"";""
