DATA DA EXTRACAO;HORA DA EXTRACAO;NUMERO DA INSCRICAO;NOME DO FILIADO;SIGLA DO PARTIDO;NOME DO PARTIDO;UF;CODIGO DO MUNICIPIO;NOME DO MUNICIPIO;ZONA ELEITORAL;SECAO ELEITORAL;DATA DA FILIACAO;SITUACAO DO REGISTRO;TIPO DO REGISTRO;DATA DO PROCESSAMENTO;DATA DA DESFILIACAO;DATA DO CANCELAMENTO;DATA DA REGULARIZACAO;MOTIVO DO CANCELAMENTO
"06/09/2017";"03:34:43";"035300880744";"LUIZA DE MARILAC FELIX MARIANO";"PTB";"PARTIDO TRABALHISTA BRASILEIRO";"CE";"13439";"BEBERIBE";"84";"64";"04/08/2007";"SUB JUDICE";"OFICIAL";"15/10/2016";"";"";"";""
"06/09/2017";"03:34:43";"035300880744";"LUIZA DE MARILAC FELIX MARIANO";"PTB";"PARTIDO TRABALHISTA BRASILEIRO";"CE";"13439";"BEBERIBE";"84";"64";"30/09/2007";"SUB JUDICE";"OFICIAL";"15/10/2016";"";"";"";""
"06/09/2017";"03:34:43";"038459220710";"CICERA MARIA PEREIRA DOS SANTOS";"PTB";"PARTIDO TRABALHISTA BRASILEIRO";"CE";"13439";"BEBERIBE";"84";"68";"04/08/2007";"SUB JUDICE";"OFICIAL";"19/10/2011";"";"";"";""
"06/09/2017";"03:34:43";"038459220710";"CICERA MARIA PEREIRA DOS SANTOS";"PTB";"PARTIDO TRABALHISTA BRASILEIRO";"CE";"13439";"BEBERIBE";"84";"68";"30/09/2007";"SUB JUDICE";"OFICIAL";"19/10/2011";"";"";"";""
"06/09/2017";"03:34:43";"040431770701";"LEANDRA ALVES DE CARVALHO";"PTB";"PARTIDO TRABALHISTA BRASILEIRO";"CE";"13439";"BEBERIBE";"84";"68";"04/08/2007";"SUB JUDICE";"OFICIAL";"15/10/2016";"";"";"";""
"06/09/2017";"03:34:43";"040431770701";"LEANDRA ALVES DE CARVALHO";"PTB";"PARTIDO TRABALHISTA BRASILEIRO";"CE";"13439";"BEBERIBE";"84";"68";"30/09/2007";"SUB JUDICE";"OFICIAL";"15/10/2016";"";"";"";""
"06/09/2017";"03:34:43";"040424090701";"ANA RAQUEL LEANDRO DA SILVA";"PTB";"PARTIDO TRABALHISTA BRASILEIRO";"CE";"13439";"BEBERIBE";"84";"6";"24/10/1995";"SUB JUDICE";"OFICIAL";"15/10/2016";"";"";"";""
"06/09/2017";"03:34:43";"040424090701";"ANA RAQUEL LEANDRO DA SILVA";"PTB";"PARTIDO TRABALHISTA BRASILEIRO";"CE";"13439";"BEBERIBE";"84";"6";"24/11/1995";"SUB JUDICE";"OFICIAL";"15/10/2016";"";"";"";""
"06/09/2017";"03:34:43";"025515020701";"MARIA PERPETUA DE LIMA FREITAS";"PTB";"PARTIDO TRABALHISTA BRASILEIRO";"CE";"13439";"BEBERIBE";"84";"69";"04/08/2007";"SUB JUDICE";"OFICIAL";"15/10/2016";"";"";"";""
"06/09/2017";"03:34:43";"025515020701";"MARIA PERPETUA DE LIMA FREITAS";"PTB";"PARTIDO TRABALHISTA BRASILEIRO";"CE";"13439";"BEBERIBE";"84";"69";"30/09/2007";"SUB JUDICE";"OFICIAL";"15/10/2016";"";"";"";""
