DATA DA EXTRACAO;HORA DA EXTRACAO;NUMERO DA INSCRICAO;NOME DO FILIADO;SIGLA DO PARTIDO;NOME DO PARTIDO;UF;CODIGO DO MUNICIPIO;NOME DO MUNICIPIO;ZONA ELEITORAL;SECAO ELEITORAL;DATA DA FILIACAO;SITUACAO DO REGISTRO;TIPO DO REGISTRO;DATA DO PROCESSAMENTO;DATA DA DESFILIACAO;DATA DO CANCELAMENTO;DATA DA REGULARIZACAO;MOTIVO DO CANCELAMENTO
"06/09/2017";"03:34:41";"025529142755";"JOAO ROSA DA SILVA";"PRB";"PARTIDO REPUBLICANO BRASILEIRO";"TO";"73423";"CARRASCO BONITO";"21";"36";"20/08/2007";"SUB JUDICE";"OFICIAL";"18/04/2017";"";"";"";""
"06/09/2017";"03:34:41";"025529142755";"JOAO ROSA DA SILVA";"PRB";"PARTIDO REPUBLICANO BRASILEIRO";"TO";"73423";"CARRASCO BONITO";"21";"36";"20/09/2007";"SUB JUDICE";"OFICIAL";"18/04/2017";"26/05/2010";"";"";""
"06/09/2017";"03:34:41";"037360482755";"ELSON TORRES BANDEIRA";"PRB";"PARTIDO REPUBLICANO BRASILEIRO";"TO";"73423";"CARRASCO BONITO";"21";"34";"04/09/2007";"SUB JUDICE";"OFICIAL";"15/10/2016";"";"";"";""
"06/09/2017";"03:34:41";"037360482755";"ELSON TORRES BANDEIRA";"PRB";"PARTIDO REPUBLICANO BRASILEIRO";"TO";"73423";"CARRASCO BONITO";"21";"34";"20/09/2007";"SUB JUDICE";"OFICIAL";"15/10/2016";"26/05/2010";"";"";""
"06/09/2017";"03:34:41";"033233102712";"CARLOS ALBERTO DA SILVA DINIZ";"PRB";"PARTIDO REPUBLICANO BRASILEIRO";"TO";"73610";"BARRA DO OURO";"32";"82";"01/04/2016";"SUB JUDICE";"OFICIAL";"18/04/2017";"";"";"";""
"06/09/2017";"03:34:41";"325795922747";"CIRLEY APARECIDA DIAS";"PRB";"PARTIDO REPUBLICANO BRASILEIRO";"TO";"92410";"ARAGUA�NA";"1";"103";"20/03/2008";"SUB JUDICE";"OFICIAL";"18/04/2017";"03/06/2010";"";"";""
"06/09/2017";"03:34:41";"325795922747";"CIRLEY APARECIDA DIAS";"PRB";"PARTIDO REPUBLICANO BRASILEIRO";"TO";"92410";"ARAGUA�NA";"1";"103";"11/10/2007";"SUB JUDICE";"OFICIAL";"18/04/2017";"03/06/2010";"";"";""
