DATA DA EXTRACAO;HORA DA EXTRACAO;NUMERO DA INSCRICAO;NOME DO FILIADO;SIGLA DO PARTIDO;NOME DO PARTIDO;UF;CODIGO DO MUNICIPIO;NOME DO MUNICIPIO;ZONA ELEITORAL;SECAO ELEITORAL;DATA DA FILIACAO;SITUACAO DO REGISTRO;TIPO DO REGISTRO;DATA DO PROCESSAMENTO;DATA DA DESFILIACAO;DATA DO CANCELAMENTO;DATA DA REGULARIZACAO;MOTIVO DO CANCELAMENTO
"02/08/2017";"04:31:36";"012284862267";"MARIA ROSENETTE LOPES MARICAUA";"PTN";"PARTIDO TRABALHISTA NACIONAL";"AM";"2330";"FONTE BOA";"10";"38";"24/03/2016";"SUB JUDICE";"OFICIAL";"18/04/2017";"";"";"";""
"02/08/2017";"04:31:36";"013431482208";"MARIA DAS GRACAS BEZERRA DA SILVA";"PTN";"PARTIDO TRABALHISTA NACIONAL";"AM";"2313";"ENVIRA";"46";"13";"16/03/2016";"SUB JUDICE";"OFICIAL";"18/04/2017";"";"";"";""
"02/08/2017";"04:31:36";"019396152259";"LUIZ ABAD SOUZA DO NASCIMENTO";"PTN";"PARTIDO TRABALHISTA NACIONAL";"AM";"98477";"TABATINGA";"36";"36";"18/03/2016";"SUB JUDICE";"OFICIAL";"18/04/2017";"";"";"";""
"02/08/2017";"04:31:36";"020187442208";"IZABEL ALVES PEREIRA";"PTN";"PARTIDO TRABALHISTA NACIONAL";"AM";"2313";"ENVIRA";"46";"26";"16/03/2016";"SUB JUDICE";"OFICIAL";"18/04/2017";"";"";"";""
"02/08/2017";"04:31:36";"018458652232";"SERIZIMAR ALVES CHAVES";"PTN";"PARTIDO TRABALHISTA NACIONAL";"AM";"2313";"ENVIRA";"46";"21";"16/03/2016";"SUB JUDICE";"OFICIAL";"18/04/2017";"";"";"";""
"02/08/2017";"04:31:36";"015084062208";"ANTONIO RIBEIRO DA SILVA FILHO";"PTN";"PARTIDO TRABALHISTA NACIONAL";"AM";"2313";"ENVIRA";"46";"4";"16/03/2016";"SUB JUDICE";"OFICIAL";"18/04/2017";"";"";"";""
"02/08/2017";"04:31:36";"001953592216";"BENEDITO FRAGATA DUTRA";"PTN";"PARTIDO TRABALHISTA NACIONAL";"AM";"2119";"BARREIRINHA";"26";"12";"02/04/2016";"SUB JUDICE";"OFICIAL";"18/04/2017";"";"";"";""
