DATA DA EXTRACAO;HORA DA EXTRACAO;NUMERO DA INSCRICAO;NOME DO FILIADO;SIGLA DO PARTIDO;NOME DO PARTIDO;UF;CODIGO DO MUNICIPIO;NOME DO MUNICIPIO;ZONA ELEITORAL;SECAO ELEITORAL;DATA DA FILIACAO;SITUACAO DO REGISTRO;TIPO DO REGISTRO;DATA DO PROCESSAMENTO;DATA DA DESFILIACAO;DATA DO CANCELAMENTO;DATA DA REGULARIZACAO;MOTIVO DO CANCELAMENTO
"06/09/2017";"03:34:42";"002900162550";"NAIR COSTA MORAES";"PSL";"PARTIDO SOCIAL LIBERAL";"AP";"6157";"SANTANA";"6";"57";"24/08/1997";"SUB JUDICE";"OFICIAL";"15/04/2016";"";"";"";""
"06/09/2017";"03:34:42";"002900162550";"NAIR COSTA MORAES";"PSL";"PARTIDO SOCIAL LIBERAL";"AP";"6157";"SANTANA";"6";"57";"09/07/2005";"SUB JUDICE";"OFICIAL";"15/04/2016";"";"";"";""
"06/09/2017";"03:34:42";"003823592585";"CAIO ERIC GOMES DA SILVA";"PSL";"PARTIDO SOCIAL LIBERAL";"AP";"6157";"SANTANA";"6";"217";"01/04/2016";"SUB JUDICE";"OFICIAL";"18/04/2017";"";"";"";""
"06/09/2017";"03:34:42";"002683722550";"JOSE DIVALDO LIMA ALMO";"PSL";"PARTIDO SOCIAL LIBERAL";"AP";"6122";"VIT�RIA DO JARI";"13";"24";"29/09/2007";"SUB JUDICE";"OFICIAL";"18/04/2017";"";"";"";""
"06/09/2017";"03:34:42";"002683722550";"JOSE DIVALDO LIMA ALMO";"PSL";"PARTIDO SOCIAL LIBERAL";"AP";"6122";"VIT�RIA DO JARI";"13";"24";"09/09/1999";"SUB JUDICE";"OFICIAL";"18/04/2017";"";"";"";""
"06/09/2017";"03:34:42";"002700102577";"RUBENILCE PINTO DA SILVA";"PSL";"PARTIDO SOCIAL LIBERAL";"AP";"6157";"SANTANA";"6";"61";"28/09/1997";"SUB JUDICE";"OFICIAL";"15/04/2016";"";"";"";""
"06/09/2017";"03:34:42";"002700102577";"RUBENILCE PINTO DA SILVA";"PSL";"PARTIDO SOCIAL LIBERAL";"AP";"6157";"SANTANA";"6";"61";"09/07/2005";"SUB JUDICE";"OFICIAL";"15/04/2016";"";"";"";""
