DATA DA EXTRACAO;HORA DA EXTRACAO;NUMERO DA INSCRICAO;NOME DO FILIADO;SIGLA DO PARTIDO;NOME DO PARTIDO;UF;CODIGO DO MUNICIPIO;NOME DO MUNICIPIO;ZONA ELEITORAL;SECAO ELEITORAL;DATA DA FILIACAO;SITUACAO DO REGISTRO;TIPO DO REGISTRO;DATA DO PROCESSAMENTO;DATA DA DESFILIACAO;DATA DO CANCELAMENTO;DATA DA REGULARIZACAO;MOTIVO DO CANCELAMENTO
"06/09/2017";"03:34:43";"031462252216";"RAIMUNDO NONATO DOS SANTOS FARIAS";"PT";"PARTIDO DOS TRABALHADORES";"AM";"2259";"COARI";"8";"106";"02/03/2011";"SUB JUDICE";"OFICIAL";"15/10/2016";"";"28/03/2016";"";"A pedido do eleitor"
"06/09/2017";"03:34:43";"000349892259";"CARLOS ALBERTO MAIA DE CARVALHO";"PT";"PARTIDO DOS TRABALHADORES";"AM";"2550";"MANAUS";"58";"570";"13/06/1996";"SUB JUDICE";"OFICIAL";"18/04/2017";"";"";"";""
"06/09/2017";"03:34:43";"000349892259";"CARLOS ALBERTO MAIA DE CARVALHO";"PT";"PARTIDO DOS TRABALHADORES";"AM";"2550";"MANAUS";"58";"17";"13/03/1996";"SUB JUDICE";"OFICIAL";"18/04/2017";"19/05/2010";"";"";""
"06/09/2017";"03:34:43";"015843042216";"WALLACY LIMA DE ALMEIDA";"PT";"PARTIDO DOS TRABALHADORES";"AM";"2054";"ATALAIA DO NORTE";"42";"2";"22/05/2003";"SUB JUDICE";"OFICIAL";"15/04/2016";"02/05/2011";"";"";""
"06/09/2017";"03:34:43";"015843042216";"WALLACY LIMA DE ALMEIDA";"PT";"PARTIDO DOS TRABALHADORES";"AM";"2054";"ATALAIA DO NORTE";"42";"2";"10/05/2001";"SUB JUDICE";"OFICIAL";"15/04/2016";"02/05/2011";"";"";""
"06/09/2017";"03:34:43";"011997972240";"ROSINALDO DE SOUZA DOS SANTOS";"PT";"PARTIDO DOS TRABALHADORES";"AM";"2550";"MANAUS";"58";"347";"05/03/1993";"SUB JUDICE";"OFICIAL";"18/04/2017";"19/05/2010";"";"";""
"06/09/2017";"03:34:43";"011997972240";"ROSINALDO DE SOUZA DOS SANTOS";"PT";"PARTIDO DOS TRABALHADORES";"AM";"2550";"MANAUS";"58";"686";"09/04/1995";"SUB JUDICE";"OFICIAL";"18/04/2017";"";"";"";""
"06/09/2017";"03:34:43";"012247562216";"ARLINO DA SILVA MAIA";"PT";"PARTIDO DOS TRABALHADORES";"AM";"2453";"JAPUR�";"48";"3";"05/09/2003";"SUB JUDICE";"OFICIAL";"18/04/2017";"";"";"";""
"06/09/2017";"03:34:43";"012247562216";"ARLINO DA SILVA MAIA";"PT";"PARTIDO DOS TRABALHADORES";"AM";"2453";"JAPUR�";"48";"3";"05/09/2002";"SUB JUDICE";"OFICIAL";"18/04/2017";"";"";"";""
