DATA DA EXTRACAO;HORA DA EXTRACAO;NUMERO DA INSCRICAO;NOME DO FILIADO;SIGLA DO PARTIDO;NOME DO PARTIDO;UF;CODIGO DO MUNICIPIO;NOME DO MUNICIPIO;ZONA ELEITORAL;SECAO ELEITORAL;DATA DA FILIACAO;SITUACAO DO REGISTRO;TIPO DO REGISTRO;DATA DO PROCESSAMENTO;DATA DA DESFILIACAO;DATA DO CANCELAMENTO;DATA DA REGULARIZACAO;MOTIVO DO CANCELAMENTO
"06/09/2017";"03:34:40";"008684930760";"JOACY SALES LOPES";"PPS";"PARTIDO POPULAR SOCIALISTA";"CE";"15776";"URUBURETAMA";"23";"23";"15/08/1999";"SUB JUDICE";"OFICIAL";"18/10/2013";"26/09/2007";"26/09/2007";"";"A pedido do eleitor"
"06/09/2017";"03:34:40";"039605420760";"MARIA EDEVANIA PIRES DE LIMA";"PPS";"PARTIDO POPULAR SOCIALISTA";"CE";"15377";"RUSSAS";"9";"59";"02/04/2016";"SUB JUDICE";"OFICIAL";"15/04/2016";"";"";"";""
"06/09/2017";"03:34:40";"036222350760";"EDIUBERTO ANTUNES DA SILVA";"PPS";"PARTIDO POPULAR SOCIALISTA";"CE";"13153";"ANTONINA DO NORTE";"18";"74";"23/09/2003";"SUB JUDICE";"OFICIAL";"18/10/2013";"";"";"";""
"06/09/2017";"03:34:40";"036222350760";"EDIUBERTO ANTUNES DA SILVA";"PPS";"PARTIDO POPULAR SOCIALISTA";"CE";"13153";"ANTONINA DO NORTE";"18";"74";"20/09/2003";"SUB JUDICE";"OFICIAL";"18/10/2013";"";"";"";""
"06/09/2017";"03:34:40";"040271820701";"ANTONIO ALVES DE OLIVEIRA";"PPS";"PARTIDO POPULAR SOCIALISTA";"CE";"13153";"ANTONINA DO NORTE";"18";"75";"23/09/2003";"SUB JUDICE";"OFICIAL";"18/10/2013";"";"";"";""
"06/09/2017";"03:34:40";"040271820701";"ANTONIO ALVES DE OLIVEIRA";"PPS";"PARTIDO POPULAR SOCIALISTA";"CE";"13153";"ANTONINA DO NORTE";"18";"75";"23/09/2007";"SUB JUDICE";"OFICIAL";"18/10/2013";"";"";"";""
"06/09/2017";"03:34:40";"007323410779";"JOAO MENDES DE CARVALHO";"PPS";"PARTIDO POPULAR SOCIALISTA";"CE";"13153";"ANTONINA DO NORTE";"18";"3";"23/09/2003";"SUB JUDICE";"OFICIAL";"18/10/2013";"";"";"";""
"06/09/2017";"03:34:40";"007323410779";"JOAO MENDES DE CARVALHO";"PPS";"PARTIDO POPULAR SOCIALISTA";"CE";"13153";"ANTONINA DO NORTE";"18";"3";"20/09/2003";"SUB JUDICE";"OFICIAL";"18/10/2013";"";"";"";""
"06/09/2017";"03:34:40";"034021330779";"ANTONIO GON�ALVES DIAS";"PPS";"PARTIDO POPULAR SOCIALISTA";"CE";"13285";"PINDORETAMA";"7";"179";"02/04/2016";"SUB JUDICE";"OFICIAL";"15/10/2016";"";"";"";""
"06/09/2017";"03:34:40";"053703040795";"ANTONIA CICERA RODRIGUES";"PPS";"PARTIDO POPULAR SOCIALISTA";"CE";"13153";"ANTONINA DO NORTE";"18";"101";"23/09/2003";"SUB JUDICE";"OFICIAL";"18/10/2013";"";"";"";""
"06/09/2017";"03:34:40";"053703040795";"ANTONIA CICERA RODRIGUES";"PPS";"PARTIDO POPULAR SOCIALISTA";"CE";"13153";"ANTONINA DO NORTE";"18";"101";"20/09/2003";"SUB JUDICE";"OFICIAL";"18/10/2013";"";"";"";""
