DATA DA EXTRACAO;HORA DA EXTRACAO;NUMERO DA INSCRICAO;NOME DO FILIADO;SIGLA DO PARTIDO;NOME DO PARTIDO;UF;CODIGO DO MUNICIPIO;NOME DO MUNICIPIO;ZONA ELEITORAL;SECAO ELEITORAL;DATA DA FILIACAO;SITUACAO DO REGISTRO;TIPO DO REGISTRO;DATA DO PROCESSAMENTO;DATA DA DESFILIACAO;DATA DO CANCELAMENTO;DATA DA REGULARIZACAO;MOTIVO DO CANCELAMENTO
"06/09/2017";"03:34:39";"078397230558";"ADAO LIMA DOS SANTOS";"DEM";"DEMOCRATAS";"BA";"30775";"BARROCAS";"150";"285";"02/10/2015";"SUB JUDICE";"OFICIAL";"15/04/2016";"";"";"";""
"06/09/2017";"03:34:39";"119766420566";"TRACISIO PEREIRA BITENCOURT";"DEM";"DEMOCRATAS";"BA";"34134";"CAMA�ARI";"170";"131";"02/04/2016";"SUB JUDICE";"OFICIAL";"15/04/2016";"";"";"";""
"06/09/2017";"03:34:39";"093989160540";"VICENTE PEREIRA DOS SANTOS JUNIOR";"DEM";"DEMOCRATAS";"BA";"35971";"ITABUNA";"28";"330";"17/03/2003";"SUB JUDICE";"OFICIAL";"15/10/2016";"";"";"";""
"06/09/2017";"03:34:39";"093989160540";"VICENTE PEREIRA DOS SANTOS JUNIOR";"DEM";"DEMOCRATAS";"BA";"35971";"ITABUNA";"28";"330";"05/02/2003";"SUB JUDICE";"OFICIAL";"15/10/2016";"";"04/08/2017";"";""
"06/09/2017";"03:34:39";"046536160574";"MANOEL DE ARAUJO";"DEM";"DEMOCRATAS";"BA";"33260";"ANDORINHA";"45";"144";"20/03/2016";"SUB JUDICE";"OFICIAL";"15/04/2016";"";"";"";""
"06/09/2017";"03:34:39";"123280180540";"ADELMO JOSE SOARES";"DEM";"DEMOCRATAS";"BA";"33499";"BAIAN�POLIS";"126";"127";"01/04/2016";"SUB JUDICE";"OFICIAL";"15/04/2016";"";"";"";""
"06/09/2017";"03:34:39";"239218320191";"DALVA GOMES FERNANDES";"DEM";"DEMOCRATAS";"BA";"33910";"BRUMADO";"90";"100";"28/03/2016";"SUB JUDICE";"OFICIAL";"15/04/2016";"";"";"";""
"06/09/2017";"03:34:39";"087382320566";"ANDRE FREITAS DE ASSIS";"DEM";"DEMOCRATAS";"BA";"39934";"TEIXEIRA DE FREITAS";"183";"158";"01/10/2011";"SUB JUDICE";"OFICIAL";"18/04/2017";"";"";"";""
