DATA DA EXTRACAO;HORA DA EXTRACAO;NUMERO DA INSCRICAO;NOME DO FILIADO;SIGLA DO PARTIDO;NOME DO PARTIDO;UF;CODIGO DO MUNICIPIO;NOME DO MUNICIPIO;ZONA ELEITORAL;SECAO ELEITORAL;DATA DA FILIACAO;SITUACAO DO REGISTRO;TIPO DO REGISTRO;DATA DO PROCESSAMENTO;DATA DA DESFILIACAO;DATA DO CANCELAMENTO;DATA DA REGULARIZACAO;MOTIVO DO CANCELAMENTO
"06/09/2017";"03:34:43";"002976401740";"MARIA HELENA VITORINO";"PTB";"PARTIDO TRABALHISTA BRASILEIRO";"AL";"28193";"OLIVEN�A";"19";"46";"15/03/2016";"SUB JUDICE";"OFICIAL";"18/04/2017";"";"";"";""
"06/09/2017";"03:34:43";"029795931716";"MARIA GILVANIA CATUM DANTAS";"PTB";"PARTIDO TRABALHISTA BRASILEIRO";"AL";"28339";"PENEDO";"13";"81";"02/04/2016";"SUB JUDICE";"OFICIAL";"15/04/2016";"";"";"";""
"06/09/2017";"03:34:43";"029798001708";"EVERTON TENORIO DANTAS";"PTB";"PARTIDO TRABALHISTA BRASILEIRO";"AL";"28339";"PENEDO";"13";"42";"02/04/2016";"SUB JUDICE";"OFICIAL";"18/04/2017";"";"";"";""
"06/09/2017";"03:34:43";"024706591708";"ALEX FABIANE GOMES DANTAS";"PTB";"PARTIDO TRABALHISTA BRASILEIRO";"AL";"28339";"PENEDO";"13";"74";"02/04/2016";"SUB JUDICE";"OFICIAL";"18/04/2017";"";"";"";""
