DATA DA EXTRACAO;HORA DA EXTRACAO;NUMERO DA INSCRICAO;NOME DO FILIADO;SIGLA DO PARTIDO;NOME DO PARTIDO;UF;CODIGO DO MUNICIPIO;NOME DO MUNICIPIO;ZONA ELEITORAL;SECAO ELEITORAL;DATA DA FILIACAO;SITUACAO DO REGISTRO;TIPO DO REGISTRO;DATA DO PROCESSAMENTO;DATA DA DESFILIACAO;DATA DO CANCELAMENTO;DATA DA REGULARIZACAO;MOTIVO DO CANCELAMENTO
"06/09/2017";"03:34:40";"134780250264";"MARCONE DIAS DA SILVA";"PPS";"PARTIDO POPULAR SOCIALISTA";"MG";"51411";"SALTO DA DIVISA";"144";"44";"11/04/2008";"SUB JUDICE";"OFICIAL";"29/05/2008";"";"";"";""
"06/09/2017";"03:34:40";"134780250264";"MARCONE DIAS DA SILVA";"PPS";"PARTIDO POPULAR SOCIALISTA";"MG";"51411";"SALTO DA DIVISA";"144";"44";"01/10/2007";"SUB JUDICE";"OFICIAL";"29/05/2008";"";"";"";""
"06/09/2017";"03:34:40";"052569180272";"RUBENALDO FRANCISCO DE OLIVEIRA";"PPS";"PARTIDO POPULAR SOCIALISTA";"MG";"51411";"SALTO DA DIVISA";"144";"41";"03/10/2007";"SUB JUDICE";"OFICIAL";"29/05/2008";"";"";"";""
"06/09/2017";"03:34:40";"052569180272";"RUBENALDO FRANCISCO DE OLIVEIRA";"PPS";"PARTIDO POPULAR SOCIALISTA";"MG";"51411";"SALTO DA DIVISA";"144";"41";"01/10/2007";"SUB JUDICE";"OFICIAL";"29/05/2008";"";"";"";""
"06/09/2017";"03:34:40";"091559850256";"FLAVIANO RODRIGUES SOARES";"PPS";"PARTIDO POPULAR SOCIALISTA";"MG";"51411";"SALTO DA DIVISA";"144";"46";"30/09/2007";"SUB JUDICE";"OFICIAL";"29/05/2008";"";"";"";""
"06/09/2017";"03:34:40";"091559850256";"FLAVIANO RODRIGUES SOARES";"PPS";"PARTIDO POPULAR SOCIALISTA";"MG";"51411";"SALTO DA DIVISA";"144";"46";"01/10/2007";"SUB JUDICE";"OFICIAL";"29/05/2008";"";"";"";""
"06/09/2017";"03:34:40";"145896940230";"VANESSA CRISTINA DA SILVA";"PPS";"PARTIDO POPULAR SOCIALISTA";"MG";"47910";"MANTENA";"169";"52";"02/04/2016";"SUB JUDICE";"OFICIAL";"15/10/2016";"";"";"";""
"06/09/2017";"03:34:40";"027994160230";"ROQUE ALVES FERREIRA";"PPS";"PARTIDO POPULAR SOCIALISTA";"MG";"51411";"SALTO DA DIVISA";"144";"38";"30/09/2007";"SUB JUDICE";"OFICIAL";"29/05/2008";"";"";"";""
"06/09/2017";"03:34:40";"027994160230";"ROQUE ALVES FERREIRA";"PPS";"PARTIDO POPULAR SOCIALISTA";"MG";"51411";"SALTO DA DIVISA";"144";"38";"01/10/2007";"SUB JUDICE";"OFICIAL";"29/05/2008";"";"";"";""
"06/09/2017";"03:34:40";"110196120213";"ERISVALDO ROCHA ALVES";"PPS";"PARTIDO POPULAR SOCIALISTA";"MG";"51411";"SALTO DA DIVISA";"144";"77";"30/09/2007";"SUB JUDICE";"OFICIAL";"29/05/2008";"";"";"";""
"06/09/2017";"03:34:40";"110196120213";"ERISVALDO ROCHA ALVES";"PPS";"PARTIDO POPULAR SOCIALISTA";"MG";"51411";"SALTO DA DIVISA";"144";"77";"01/10/2007";"SUB JUDICE";"OFICIAL";"29/05/2008";"";"";"";""
"06/09/2017";"03:34:40";"018169820213";"LACIONE MARIA DE JESUS";"PPS";"PARTIDO POPULAR SOCIALISTA";"MG";"51411";"SALTO DA DIVISA";"144";"37";"30/09/2007";"SUB JUDICE";"OFICIAL";"29/05/2008";"";"";"";""
"06/09/2017";"03:34:40";"018169820213";"LACIONE MARIA DE JESUS";"PPS";"PARTIDO POPULAR SOCIALISTA";"MG";"51411";"SALTO DA DIVISA";"144";"37";"01/10/2007";"SUB JUDICE";"OFICIAL";"29/05/2008";"";"";"";""
"06/09/2017";"03:34:40";"077280400272";"JOSE OLIMPIO";"PPS";"PARTIDO POPULAR SOCIALISTA";"MG";"47910";"MANTENA";"169";"67";"02/04/2016";"SUB JUDICE";"OFICIAL";"15/10/2016";"";"";"";""
"06/09/2017";"03:34:40";"052571550264";"JOSE PEREIRA DOS SANTOS";"PPS";"PARTIDO POPULAR SOCIALISTA";"MG";"51411";"SALTO DA DIVISA";"144";"42";"30/09/2007";"SUB JUDICE";"OFICIAL";"29/05/2008";"";"";"";""
"06/09/2017";"03:34:40";"052571550264";"JOSE PEREIRA DOS SANTOS";"PPS";"PARTIDO POPULAR SOCIALISTA";"MG";"51411";"SALTO DA DIVISA";"144";"42";"01/10/2007";"SUB JUDICE";"OFICIAL";"29/05/2008";"";"";"";""
"06/09/2017";"03:34:40";"015062402160";"MARCIA PRADO SANTANA";"PPS";"PARTIDO POPULAR SOCIALISTA";"MG";"51411";"SALTO DA DIVISA";"144";"43";"11/04/2008";"SUB JUDICE";"OFICIAL";"29/05/2008";"";"";"";""
"06/09/2017";"03:34:40";"015062402160";"MARCIA PRADO SANTANA";"PPS";"PARTIDO POPULAR SOCIALISTA";"MG";"51411";"SALTO DA DIVISA";"144";"43";"01/10/2007";"SUB JUDICE";"OFICIAL";"29/05/2008";"";"";"";""
"06/09/2017";"03:34:40";"133940090281";"REGINA RODRIGUES DOS SANTOS";"PPS";"PARTIDO POPULAR SOCIALISTA";"MG";"51411";"SALTO DA DIVISA";"144";"109";"10/09/2007";"SUB JUDICE";"OFICIAL";"29/05/2008";"";"";"";""
"06/09/2017";"03:34:40";"133940090281";"REGINA RODRIGUES DOS SANTOS";"PPS";"PARTIDO POPULAR SOCIALISTA";"MG";"51411";"SALTO DA DIVISA";"144";"109";"01/10/2007";"SUB JUDICE";"OFICIAL";"29/05/2008";"";"";"";""
