DATA DA EXTRACAO;HORA DA EXTRACAO;NUMERO DA INSCRICAO;NOME DO FILIADO;SIGLA DO PARTIDO;NOME DO PARTIDO;UF;CODIGO DO MUNICIPIO;NOME DO MUNICIPIO;ZONA ELEITORAL;SECAO ELEITORAL;DATA DA FILIACAO;SITUACAO DO REGISTRO;TIPO DO REGISTRO;DATA DO PROCESSAMENTO;DATA DA DESFILIACAO;DATA DO CANCELAMENTO;DATA DA REGULARIZACAO;MOTIVO DO CANCELAMENTO
"06/09/2017";"03:34:40";"100772910299";"ITAIR ALVES DA CRUZ";"PP";"PARTIDO PROGRESSISTA";"MG";"51799";"SANTANA DO RIACHO";"143";"52";"02/04/2016";"SUB JUDICE";"OFICIAL";"15/04/2016";"";"";"";""
"06/09/2017";"03:34:40";"064444540264";"SANTINA DOS SANTOS NASCIMENTO";"PP";"PARTIDO PROGRESSISTA";"MG";"42480";"VARGEM GRANDE DO RIO PARDO";"237";"63";"01/04/2016";"SUB JUDICE";"OFICIAL";"15/04/2016";"";"";"";""
"06/09/2017";"03:34:40";"105118700221";"RONALDO ADRIANO MOREIRA DE CASTRO";"PP";"PARTIDO PROGRESSISTA";"MG";"47937";"MARAVILHAS";"219";"173";"01/04/2016";"SUB JUDICE";"OFICIAL";"15/04/2016";"";"";"";""
"06/09/2017";"03:34:40";"060689620256";"JOSE MARIA DOS SANTOS";"PP";"PARTIDO PROGRESSISTA";"MG";"44750";"ENGENHEIRO NAVARRO";"44";"92";"02/04/2016";"SUB JUDICE";"OFICIAL";"15/04/2016";"";"";"";""
"06/09/2017";"03:34:40";"165827700205";"FERNANDO ELIAS SILVA";"PP";"PARTIDO PROGRESSISTA";"MG";"41203";"OLHOS D'�GUA";"44";"160";"02/04/2016";"SUB JUDICE";"OFICIAL";"15/10/2016";"";"";"";""
"06/09/2017";"03:34:40";"132078430213";"JOAO RENILDO COIMBRA";"PP";"PARTIDO PROGRESSISTA";"MG";"41203";"OLHOS D'�GUA";"44";"124";"02/04/2016";"SUB JUDICE";"OFICIAL";"15/10/2016";"";"";"";""
