DATA DA EXTRACAO;HORA DA EXTRACAO;NUMERO DA INSCRICAO;NOME DO FILIADO;SIGLA DO PARTIDO;NOME DO PARTIDO;UF;CODIGO DO MUNICIPIO;NOME DO MUNICIPIO;ZONA ELEITORAL;SECAO ELEITORAL;DATA DA FILIACAO;SITUACAO DO REGISTRO;TIPO DO REGISTRO;DATA DO PROCESSAMENTO;DATA DA DESFILIACAO;DATA DO CANCELAMENTO;DATA DA REGULARIZACAO;MOTIVO DO CANCELAMENTO
"06/09/2017";"03:34:40";"003557400752";"CARLOS ROBERTO CHAGAS CORTEZ";"PRB";"PARTIDO REPUBLICANO BRASILEIRO";"MG";"42099";"CAMANDUCAIA";"58";"57";"01/04/2016";"SUB JUDICE";"OFICIAL";"15/10/2016";"";"";"";""
"06/09/2017";"03:34:40";"071701890230";"DIVINO DELI FARIA";"PRB";"PARTIDO REPUBLICANO BRASILEIRO";"MG";"41017";"BAMBU�";"21";"36";"01/04/2016";"SUB JUDICE";"OFICIAL";"15/10/2016";"";"";"";""
"06/09/2017";"03:34:40";"197928980264";"DEYVERSON WASHINGTON LEITE DOS SANTOS";"PRB";"PARTIDO REPUBLICANO BRASILEIRO";"MG";"44750";"ENGENHEIRO NAVARRO";"44";"97";"02/04/2016";"SUB JUDICE";"OFICIAL";"15/10/2016";"";"";"";""
"06/09/2017";"03:34:40";"180794070281";"JUAREZ DA PAIX�O DUARTE JUNIOR";"PRB";"PARTIDO REPUBLICANO BRASILEIRO";"MG";"44750";"ENGENHEIRO NAVARRO";"44";"93";"02/04/2016";"SUB JUDICE";"OFICIAL";"15/10/2016";"";"";"";""
"06/09/2017";"03:34:40";"050978970272";"NILTON GONCALVES MORAES";"PRB";"PARTIDO REPUBLICANO BRASILEIRO";"MG";"41238";"BELO HORIZONTE";"37";"148";"16/08/2007";"SUB JUDICE";"OFICIAL";"18/04/2017";"";"01/06/2017";"";""
"06/09/2017";"03:34:40";"115498270230";"CARLOS ALBERTO PINTO";"PRB";"PARTIDO REPUBLICANO BRASILEIRO";"MG";"46051";"IGUATAMA";"304";"22";"02/04/2016";"SUB JUDICE";"OFICIAL";"15/10/2016";"";"08/11/2016";"";"A pedido do eleitor"
