DATA DA EXTRACAO;HORA DA EXTRACAO;NUMERO DA INSCRICAO;NOME DO FILIADO;SIGLA DO PARTIDO;NOME DO PARTIDO;UF;CODIGO DO MUNICIPIO;NOME DO MUNICIPIO;ZONA ELEITORAL;SECAO ELEITORAL;DATA DA FILIACAO;SITUACAO DO REGISTRO;TIPO DO REGISTRO;DATA DO PROCESSAMENTO;DATA DA DESFILIACAO;DATA DO CANCELAMENTO;DATA DA REGULARIZACAO;MOTIVO DO CANCELAMENTO
"06/09/2017";"03:34:43";"081822890582";"PERCILIANO JARDIM DE SOUZA JUNIOR";"PT DO B";"PARTIDO TRABALHISTA DO BRASIL";"BA";"33430";"ARAMARI";"163";"66";"15/02/1995";"SUB JUDICE";"OFICIAL";"15/04/2016";"11/10/2011";"";"";""
"06/09/2017";"03:34:43";"028653381368";"ELZITO MACIEL LIMA";"PT DO B";"PARTIDO TRABALHISTA DO BRASIL";"BA";"38075";"PORTO SEGURO";"122";"508";"02/04/2016";"SUB JUDICE";"OFICIAL";"15/04/2016";"";"";"";""
"06/09/2017";"03:34:43";"015740130574";"MARIO PINTO DE JESUS";"PT DO B";"PARTIDO TRABALHISTA DO BRASIL";"BA";"33138";"ALAGOINHAS";"164";"10";"30/09/1999";"SUB JUDICE";"OFICIAL";"15/10/2016";"";"";"";""
"06/09/2017";"03:34:43";"126286790558";"WALLACE SANTOS PEREIRA";"PT DO B";"PARTIDO TRABALHISTA DO BRASIL";"BA";"38091";"POTIRAGU�";"138";"129";"02/04/2016";"SUB JUDICE";"OFICIAL";"15/10/2016";"";"";"";""
"06/09/2017";"03:34:43";"004006710523";"PEDRO JOSE DE FREITAS";"PT DO B";"PARTIDO TRABALHISTA DO BRASIL";"BA";"36714";"JUSSARA";"159";"38";"30/09/2011";"SUB JUDICE";"OFICIAL";"17/04/2012";"";"08/12/2012";"";""
