DATA DA EXTRACAO;HORA DA EXTRACAO;NUMERO DA INSCRICAO;NOME DO FILIADO;SIGLA DO PARTIDO;NOME DO PARTIDO;UF;CODIGO DO MUNICIPIO;NOME DO MUNICIPIO;ZONA ELEITORAL;SECAO ELEITORAL;DATA DA FILIACAO;SITUACAO DO REGISTRO;TIPO DO REGISTRO;DATA DO PROCESSAMENTO;DATA DA DESFILIACAO;DATA DO CANCELAMENTO;DATA DA REGULARIZACAO;MOTIVO DO CANCELAMENTO
"02/08/2017";"04:31:36";"083465370558";"ANTONIO RIBEIRO DOS SANTOS";"PTN";"PARTIDO TRABALHISTA NACIONAL";"BA";"37419";"MUCURI";"35";"202";"02/10/2003";"SUB JUDICE";"OFICIAL";"19/10/2011";"05/09/2011";"";"";""
"02/08/2017";"04:31:36";"083465370558";"ANTONIO RIBEIRO DOS SANTOS";"PTN";"PARTIDO TRABALHISTA NACIONAL";"BA";"37419";"MUCURI";"35";"202";"01/10/2003";"SUB JUDICE";"OFICIAL";"19/10/2011";"";"";"";""
"02/08/2017";"04:31:36";"020042590507";"ALMERIL DE SOUZA ANDRADE";"PTN";"PARTIDO TRABALHISTA NACIONAL";"BA";"36153";"ITAMARI";"151";"58";"31/03/2016";"SUB JUDICE";"OFICIAL";"15/04/2016";"";"";"";""
"02/08/2017";"04:31:36";"073006210515";"ANTONIO DIAS DO NASCIMENTO";"PTN";"PARTIDO TRABALHISTA NACIONAL";"BA";"36137";"ITAMARAJU";"172";"162";"01/04/2016";"SUB JUDICE";"OFICIAL";"15/04/2016";"";"";"";""
"02/08/2017";"04:31:36";"116121400582";"MAUR�CIO MUNIZ MAIA BARROS";"PTN";"PARTIDO TRABALHISTA NACIONAL";"BA";"30910";"FILAD�LFIA";"149";"95";"02/04/2016";"SUB JUDICE";"OFICIAL";"15/04/2016";"";"";"";""
