DATA DA EXTRACAO;HORA DA EXTRACAO;NUMERO DA INSCRICAO;NOME DO FILIADO;SIGLA DO PARTIDO;NOME DO PARTIDO;UF;CODIGO DO MUNICIPIO;NOME DO MUNICIPIO;ZONA ELEITORAL;SECAO ELEITORAL;DATA DA FILIACAO;SITUACAO DO REGISTRO;TIPO DO REGISTRO;DATA DO PROCESSAMENTO;DATA DA DESFILIACAO;DATA DO CANCELAMENTO;DATA DA REGULARIZACAO;MOTIVO DO CANCELAMENTO
"06/09/2017";"03:34:42";"034147452240";"ALTAIR PAIVA DIONISIO";"PSL";"PARTIDO SOCIAL LIBERAL";"AM";"2933";"ANAM�";"53";"19";"28/03/2016";"SUB JUDICE";"OFICIAL";"15/04/2016";"";"";"";""
"06/09/2017";"03:34:42";"006336752224";"ALVARO DA SILVA ARAUJO";"PSL";"PARTIDO SOCIAL LIBERAL";"AM";"98396";"MANAQUIRI";"66";"13";"08/07/1995";"SUB JUDICE";"OFICIAL";"15/10/2011";"";"";"";""
"06/09/2017";"03:34:42";"006336752224";"ALVARO DA SILVA ARAUJO";"PSL";"PARTIDO SOCIAL LIBERAL";"AM";"98396";"MANAQUIRI";"66";"13";"08/07/1999";"SUB JUDICE";"OFICIAL";"15/10/2011";"";"";"";""
"06/09/2017";"03:34:42";"003036122208";"JORGE OTAS MARTINS";"PSL";"PARTIDO SOCIAL LIBERAL";"AM";"98396";"MANAQUIRI";"66";"3";"22/09/2007";"SUB JUDICE";"OFICIAL";"15/10/2011";"";"";"";""
"06/09/2017";"03:34:42";"003036122208";"JORGE OTAS MARTINS";"PSL";"PARTIDO SOCIAL LIBERAL";"AM";"98396";"MANAQUIRI";"66";"3";"02/10/2007";"SUB JUDICE";"OFICIAL";"15/10/2011";"";"";"";""
"06/09/2017";"03:34:42";"002014352216";"FRANCISCA MARQUES DAMASCENA";"PSL";"PARTIDO SOCIAL LIBERAL";"AM";"98396";"MANAQUIRI";"66";"5";"30/09/2007";"SUB JUDICE";"OFICIAL";"15/04/2016";"";"";"";""
"06/09/2017";"03:34:42";"002014352216";"FRANCISCA MARQUES DAMASCENA";"PSL";"PARTIDO SOCIAL LIBERAL";"AM";"98396";"MANAQUIRI";"66";"5";"05/10/2007";"SUB JUDICE";"OFICIAL";"15/04/2016";"";"";"";""
