DATA DA EXTRACAO;HORA DA EXTRACAO;NUMERO DA INSCRICAO;NOME DO FILIADO;SIGLA DO PARTIDO;NOME DO PARTIDO;UF;CODIGO DO MUNICIPIO;NOME DO MUNICIPIO;ZONA ELEITORAL;SECAO ELEITORAL;DATA DA FILIACAO;SITUACAO DO REGISTRO;TIPO DO REGISTRO;DATA DO PROCESSAMENTO;DATA DA DESFILIACAO;DATA DO CANCELAMENTO;DATA DA REGULARIZACAO;MOTIVO DO CANCELAMENTO
"06/09/2017";"03:34:43";"018373282739";"MARIA DIVINA CUSTODIO ALVES";"PTB";"PARTIDO TRABALHISTA BRASILEIRO";"TO";"92045";"BURITI DO TOCANTINS";"10";"47";"29/03/1999";"SUB JUDICE";"OFICIAL";"15/10/2011";"";"";"";""
"06/09/2017";"03:34:43";"018373282739";"MARIA DIVINA CUSTODIO ALVES";"PTB";"PARTIDO TRABALHISTA BRASILEIRO";"TO";"92045";"BURITI DO TOCANTINS";"10";"47";"29/03/1992";"SUB JUDICE";"OFICIAL";"15/10/2011";"";"02/09/2011";"";"A pedido do eleitor"
"06/09/2017";"03:34:43";"018469572747";"BERNADO DOMINGOS DA CUNHA";"PTB";"PARTIDO TRABALHISTA BRASILEIRO";"TO";"92045";"BURITI DO TOCANTINS";"10";"51";"23/09/1992";"SUB JUDICE";"OFICIAL";"15/10/2016";"";"";"";""
"06/09/2017";"03:34:43";"018469572747";"BERNADO DOMINGOS DA CUNHA";"PTB";"PARTIDO TRABALHISTA BRASILEIRO";"TO";"92045";"BURITI DO TOCANTINS";"10";"51";"29/03/1992";"SUB JUDICE";"OFICIAL";"15/10/2016";"";"02/09/2011";"";"A pedido do eleitor"
"06/09/2017";"03:34:43";"030803892763";"MARIA HELENA FROTA DOS SANTOS";"PTB";"PARTIDO TRABALHISTA BRASILEIRO";"TO";"92045";"BURITI DO TOCANTINS";"10";"70";"17/09/2003";"SUB JUDICE";"OFICIAL";"15/10/2016";"";"";"";""
"06/09/2017";"03:34:43";"030803892763";"MARIA HELENA FROTA DOS SANTOS";"PTB";"PARTIDO TRABALHISTA BRASILEIRO";"TO";"92045";"BURITI DO TOCANTINS";"10";"70";"27/09/2003";"SUB JUDICE";"OFICIAL";"15/10/2016";"";"12/09/2011";"";"A pedido do eleitor"
"06/09/2017";"03:34:43";"028794142712";"FRANCISCO AHMENON DA SILVA SOUSA";"PTB";"PARTIDO TRABALHISTA BRASILEIRO";"TO";"92045";"BURITI DO TOCANTINS";"10";"46";"23/09/1992";"SUB JUDICE";"OFICIAL";"15/10/2016";"";"";"";""
"06/09/2017";"03:34:43";"028794142712";"FRANCISCO AHMENON DA SILVA SOUSA";"PTB";"PARTIDO TRABALHISTA BRASILEIRO";"TO";"92045";"BURITI DO TOCANTINS";"10";"46";"29/03/1992";"SUB JUDICE";"OFICIAL";"15/10/2016";"";"02/09/2011";"";"A pedido do eleitor"
"06/09/2017";"03:34:43";"018482972704";"JOSE ZILMAR OLIVEIRA SOUSA";"PTB";"PARTIDO TRABALHISTA BRASILEIRO";"TO";"92045";"BURITI DO TOCANTINS";"10";"40";"20/03/1992";"SUB JUDICE";"OFICIAL";"15/10/2016";"";"";"";""
"06/09/2017";"03:34:43";"018482972704";"JOSE ZILMAR OLIVEIRA SOUSA";"PTB";"PARTIDO TRABALHISTA BRASILEIRO";"TO";"92045";"BURITI DO TOCANTINS";"10";"40";"29/03/1992";"SUB JUDICE";"OFICIAL";"15/10/2016";"";"02/09/2011";"";"A pedido do eleitor"
"06/09/2017";"03:34:43";"029793152771";"MARIA DA PIEDADE MARTINS RODRIGUES";"PTB";"PARTIDO TRABALHISTA BRASILEIRO";"TO";"92045";"BURITI DO TOCANTINS";"10";"39";"15/09/1999";"SUB JUDICE";"OFICIAL";"15/10/2016";"";"";"";""
"06/09/2017";"03:34:43";"029793152771";"MARIA DA PIEDADE MARTINS RODRIGUES";"PTB";"PARTIDO TRABALHISTA BRASILEIRO";"TO";"92045";"BURITI DO TOCANTINS";"10";"39";"15/07/1999";"SUB JUDICE";"OFICIAL";"15/10/2016";"";"02/09/2011";"";"A pedido do eleitor"
"06/09/2017";"03:34:43";"018485232755";"VICENCIA DE SOUSA CONCEICAO";"PTB";"PARTIDO TRABALHISTA BRASILEIRO";"TO";"92045";"BURITI DO TOCANTINS";"10";"38";"16/07/2003";"SUB JUDICE";"OFICIAL";"15/10/2016";"";"";"";""
"06/09/2017";"03:34:43";"018485232755";"VICENCIA DE SOUSA CONCEICAO";"PTB";"PARTIDO TRABALHISTA BRASILEIRO";"TO";"92045";"BURITI DO TOCANTINS";"10";"38";"22/09/2003";"SUB JUDICE";"OFICIAL";"15/10/2016";"";"12/09/2011";"";"A pedido do eleitor"
"06/09/2017";"03:34:43";"027727021155";"EPAMINONDAS RODRIGUES DA COSTA";"PTB";"PARTIDO TRABALHISTA BRASILEIRO";"TO";"92410";"ARAGUA�NA";"1";"170";"10/05/1996";"SUB JUDICE";"OFICIAL";"15/10/2016";"";"";"";""
"06/09/2017";"03:34:43";"027727021155";"EPAMINONDAS RODRIGUES DA COSTA";"PTB";"PARTIDO TRABALHISTA BRASILEIRO";"TO";"92410";"ARAGUA�NA";"1";"170";"10/05/2005";"SUB JUDICE";"OFICIAL";"15/10/2016";"";"";"";""
