DATA DA EXTRACAO;HORA DA EXTRACAO;NUMERO DA INSCRICAO;NOME DO FILIADO;SIGLA DO PARTIDO;NOME DO PARTIDO;UF;CODIGO DO MUNICIPIO;NOME DO MUNICIPIO;ZONA ELEITORAL;SECAO ELEITORAL;DATA DA FILIACAO;SITUACAO DO REGISTRO;TIPO DO REGISTRO;DATA DO PROCESSAMENTO;DATA DA DESFILIACAO;DATA DO CANCELAMENTO;DATA DA REGULARIZACAO;MOTIVO DO CANCELAMENTO
"06/09/2017";"03:34:43";"025415880736";"ROMEU TEIXEIRA PEIXOTO";"PV";"PARTIDO VERDE";"CE";"13439";"BEBERIBE";"84";"16";"23/09/2007";"SUB JUDICE";"OFICIAL";"15/10/2011";"";"";"";""
"06/09/2017";"03:34:43";"025415880736";"ROMEU TEIXEIRA PEIXOTO";"PV";"PARTIDO VERDE";"CE";"13439";"BEBERIBE";"84";"16";"05/10/2007";"SUB JUDICE";"OFICIAL";"15/10/2011";"";"";"";""
"06/09/2017";"03:34:43";"032050500701";"CLAUDEMIR PACHECO GOMES";"PV";"PARTIDO VERDE";"CE";"13439";"BEBERIBE";"84";"61";"04/09/2007";"SUB JUDICE";"OFICIAL";"15/10/2011";"";"";"";""
"06/09/2017";"03:34:43";"032050500701";"CLAUDEMIR PACHECO GOMES";"PV";"PARTIDO VERDE";"CE";"13439";"BEBERIBE";"84";"61";"04/02/2007";"SUB JUDICE";"OFICIAL";"15/10/2011";"";"";"";""
"06/09/2017";"03:34:43";"048390620736";"ANA CONCEICAO GONCALVES DE CARVALHO";"PV";"PARTIDO VERDE";"CE";"13439";"BEBERIBE";"84";"92";"23/09/2007";"SUB JUDICE";"OFICIAL";"15/10/2011";"";"";"";""
"06/09/2017";"03:34:43";"048390620736";"ANA CONCEICAO GONCALVES DE CARVALHO";"PV";"PARTIDO VERDE";"CE";"13439";"BEBERIBE";"84";"92";"30/09/2009";"SUB JUDICE";"OFICIAL";"15/10/2011";"";"";"";""
