DATA DA EXTRACAO;HORA DA EXTRACAO;NUMERO DA INSCRICAO;NOME DO FILIADO;SIGLA DO PARTIDO;NOME DO PARTIDO;UF;CODIGO DO MUNICIPIO;NOME DO MUNICIPIO;ZONA ELEITORAL;SECAO ELEITORAL;DATA DA FILIACAO;SITUACAO DO REGISTRO;TIPO DO REGISTRO;DATA DO PROCESSAMENTO;DATA DA DESFILIACAO;DATA DO CANCELAMENTO;DATA DA REGULARIZACAO;MOTIVO DO CANCELAMENTO
"06/09/2017";"03:34:41";"002020082240";"GERSON LUIS AMORIM CASTRO";"PRP";"PARTIDO REPUBLICANO PROGRESSISTA";"AM";"98396";"MANAQUIRI";"66";"4";"22/09/2007";"SUB JUDICE";"OFICIAL";"15/04/2016";"";"";"";""
"06/09/2017";"03:34:41";"002020082240";"GERSON LUIS AMORIM CASTRO";"PRP";"PARTIDO REPUBLICANO PROGRESSISTA";"AM";"98396";"MANAQUIRI";"66";"4";"02/10/2007";"SUB JUDICE";"OFICIAL";"15/04/2016";"";"";"";""
"06/09/2017";"03:34:41";"019838052208";"JOSEANE LIRA DA SILVA";"PRP";"PARTIDO REPUBLICANO PROGRESSISTA";"AM";"2550";"MANAUS";"63";"269";"03/10/2003";"SUB JUDICE";"OFICIAL";"15/04/2016";"";"";"";""
"06/09/2017";"03:34:41";"019838052208";"JOSEANE LIRA DA SILVA";"PRP";"PARTIDO REPUBLICANO PROGRESSISTA";"AM";"2550";"MANAUS";"63";"269";"03/10/2007";"SUB JUDICE";"OFICIAL";"15/04/2016";"";"";"";""
"06/09/2017";"03:34:41";"004019652224";"VIVALDO PEREIRA DE MORAES";"PRP";"PARTIDO REPUBLICANO PROGRESSISTA";"AM";"98396";"MANAQUIRI";"66";"8";"22/09/2007";"SUB JUDICE";"OFICIAL";"15/04/2016";"";"";"";""
"06/09/2017";"03:34:41";"004019652224";"VIVALDO PEREIRA DE MORAES";"PRP";"PARTIDO REPUBLICANO PROGRESSISTA";"AM";"98396";"MANAQUIRI";"66";"8";"02/10/2007";"SUB JUDICE";"OFICIAL";"15/04/2016";"";"";"";""
"06/09/2017";"03:34:41";"004249332208";"EDMAR VIANA DE MORAES";"PRP";"PARTIDO REPUBLICANO PROGRESSISTA";"AM";"98396";"MANAQUIRI";"66";"4";"22/09/2007";"SUB JUDICE";"OFICIAL";"15/04/2016";"";"";"";""
"06/09/2017";"03:34:41";"004249332208";"EDMAR VIANA DE MORAES";"PRP";"PARTIDO REPUBLICANO PROGRESSISTA";"AM";"98396";"MANAQUIRI";"66";"4";"02/10/2007";"SUB JUDICE";"OFICIAL";"15/04/2016";"";"";"";""
"06/09/2017";"03:34:41";"012581842240";"LEONORA MOREIRA PINTO";"PRP";"PARTIDO REPUBLICANO PROGRESSISTA";"AM";"98396";"MANAQUIRI";"66";"1";"21/09/2007";"SUB JUDICE";"OFICIAL";"15/10/2011";"";"";"";""
"06/09/2017";"03:34:41";"012581842240";"LEONORA MOREIRA PINTO";"PRP";"PARTIDO REPUBLICANO PROGRESSISTA";"AM";"98396";"MANAQUIRI";"66";"1";"01/10/2007";"SUB JUDICE";"OFICIAL";"15/10/2011";"";"";"";""
"06/09/2017";"03:34:41";"006042252224";"HELIO GURGEL DE SOUZA";"PRP";"PARTIDO REPUBLICANO PROGRESSISTA";"AM";"98396";"MANAQUIRI";"66";"16";"01/10/2007";"SUB JUDICE";"OFICIAL";"15/04/2016";"";"";"";""
"06/09/2017";"03:34:41";"006042252224";"HELIO GURGEL DE SOUZA";"PRP";"PARTIDO REPUBLICANO PROGRESSISTA";"AM";"98396";"MANAQUIRI";"66";"16";"21/09/2007";"SUB JUDICE";"OFICIAL";"15/04/2016";"";"";"";""
"06/09/2017";"03:34:41";"030561772291";"ADOMILSON FILGUEIRA ALVES";"PRP";"PARTIDO REPUBLICANO PROGRESSISTA";"AM";"2593";"MARA�";"49";"1";"28/09/2015";"SUB JUDICE";"OFICIAL";"15/10/2016";"";"";"";""
