DATA DA EXTRACAO;HORA DA EXTRACAO;NUMERO DA INSCRICAO;NOME DO FILIADO;SIGLA DO PARTIDO;NOME DO PARTIDO;UF;CODIGO DO MUNICIPIO;NOME DO MUNICIPIO;ZONA ELEITORAL;SECAO ELEITORAL;DATA DA FILIACAO;SITUACAO DO REGISTRO;TIPO DO REGISTRO;DATA DO PROCESSAMENTO;DATA DA DESFILIACAO;DATA DO CANCELAMENTO;DATA DA REGULARIZACAO;MOTIVO DO CANCELAMENTO
"06/09/2017";"03:34:40";"037082801198";"MARIA DA SILVA FREITAS";"PPS";"PARTIDO POPULAR SOCIALISTA";"MA";"7323";"BOA VISTA DO GURUPI";"100";"61";"31/12/2003";"SUB JUDICE";"OFICIAL";"15/04/2016";"";"";"";""
"06/09/2017";"03:34:40";"037082801198";"MARIA DA SILVA FREITAS";"PPS";"PARTIDO POPULAR SOCIALISTA";"MA";"7323";"BOA VISTA DO GURUPI";"100";"61";"30/10/2003";"SUB JUDICE";"OFICIAL";"15/04/2016";"15/08/2011";"";"";""
"06/09/2017";"03:34:40";"037082801198";"MARIA DA SILVA FREITAS";"PPS";"PARTIDO POPULAR SOCIALISTA";"MA";"7323";"BOA VISTA DO GURUPI";"100";"61";"31/10/2003";"SUB JUDICE";"OFICIAL";"15/04/2016";"15/08/2011";"";"";""
"06/09/2017";"03:34:40";"033417111139";"RAIMUNDO CRUZ BORGES DE LIMA";"PPS";"PARTIDO POPULAR SOCIALISTA";"MA";"7625";"GOVERNADOR LUIZ ROCHA";"60";"91";"30/09/2015";"SUB JUDICE";"OFICIAL";"15/04/2016";"";"";"";""
"06/09/2017";"03:34:40";"057617630752";"ERIDANE DA SILVA DAMASCENO";"PPS";"PARTIDO POPULAR SOCIALISTA";"MA";"7838";"GODOFREDO VIANA";"64";"119";"15/03/2016";"SUB JUDICE";"OFICIAL";"15/04/2016";"";"";"";""
"06/09/2017";"03:34:40";"013592061180";"ROSILDA MONTEIRO DE BRITO";"PPS";"PARTIDO POPULAR SOCIALISTA";"MA";"7323";"BOA VISTA DO GURUPI";"100";"68";"22/04/2006";"SUB JUDICE";"OFICIAL";"15/04/2016";"";"";"";""
"06/09/2017";"03:34:40";"013592061180";"ROSILDA MONTEIRO DE BRITO";"PPS";"PARTIDO POPULAR SOCIALISTA";"MA";"7323";"BOA VISTA DO GURUPI";"100";"68";"22/04/2003";"SUB JUDICE";"OFICIAL";"15/04/2016";"15/08/2011";"";"";""
"06/09/2017";"03:34:40";"012709571139";"ELIAS ALVES VIANA";"PPS";"PARTIDO POPULAR SOCIALISTA";"MA";"9059";"S�O BENEDITO DO RIO PRETO";"73";"3";"30/09/2007";"SUB JUDICE";"OFICIAL";"15/10/2016";"";"";"";""
"06/09/2017";"03:34:40";"012709571139";"ELIAS ALVES VIANA";"PPS";"PARTIDO POPULAR SOCIALISTA";"MA";"9059";"S�O BENEDITO DO RIO PRETO";"73";"3";"04/10/2007";"SUB JUDICE";"OFICIAL";"15/10/2016";"";"";"";""
"06/09/2017";"03:34:40";"013591621120";"PEDRO RODRIGUES DE ARAUJO";"PPS";"PARTIDO POPULAR SOCIALISTA";"MA";"7323";"BOA VISTA DO GURUPI";"100";"68";"15/12/1998";"SUB JUDICE";"OFICIAL";"15/04/2016";"";"";"";""
"06/09/2017";"03:34:40";"013591621120";"PEDRO RODRIGUES DE ARAUJO";"PPS";"PARTIDO POPULAR SOCIALISTA";"MA";"7323";"BOA VISTA DO GURUPI";"100";"68";"15/12/1995";"SUB JUDICE";"OFICIAL";"15/04/2016";"15/08/2011";"";"";""
