DATA DA EXTRACAO;HORA DA EXTRACAO;NUMERO DA INSCRICAO;NOME DO FILIADO;SIGLA DO PARTIDO;NOME DO PARTIDO;UF;CODIGO DO MUNICIPIO;NOME DO MUNICIPIO;ZONA ELEITORAL;SECAO ELEITORAL;DATA DA FILIACAO;SITUACAO DO REGISTRO;TIPO DO REGISTRO;DATA DO PROCESSAMENTO;DATA DA DESFILIACAO;DATA DO CANCELAMENTO;DATA DA REGULARIZACAO;MOTIVO DO CANCELAMENTO
"06/09/2017";"03:31:48";"034469922739";"JOSE BRANDAO DA SILVA";"PSTU";"PARTIDO SOCIALISTA DOS TRABALHADORES UNIFICADOS";"TO";"73440";"PALMAS";"29";"187";"02/03/2001";"REGULAR";"OFICIAL";"30/06/2004";"";"";"";""
"06/09/2017";"03:31:48";"033710031317";"IRAN FERREIRA DA SILVA";"PSTU";"PARTIDO SOCIALISTA DOS TRABALHADORES UNIFICADOS";"TO";"73440";"PALMAS";"29";"248";"02/03/2001";"REGULAR";"OFICIAL";"30/06/2004";"";"";"";""
"06/09/2017";"03:31:48";"034219222763";"BETANIA DE CASSIA MILHOMEM ARAUJO";"PSTU";"PARTIDO SOCIALISTA DOS TRABALHADORES UNIFICADOS";"TO";"73440";"PALMAS";"29";"151";"02/03/2001";"CANCELADO";"OFICIAL";"30/06/2004";"10/07/2006";"10/07/2006";"";"Judicial"
"06/09/2017";"03:31:48";"033382362704";"JESSE RIBEIRO DA SILVA";"PSTU";"PARTIDO SOCIALISTA DOS TRABALHADORES UNIFICADOS";"TO";"73440";"PALMAS";"29";"160";"02/03/2001";"CANCELADO";"OFICIAL";"30/06/2004";"29/09/2005";"29/09/2005";"";"A pedido do eleitor"
"06/09/2017";"03:31:48";"034695912755";"JOSE CARLOS DOS SANTOS MENDONCA";"PSTU";"PARTIDO SOCIALISTA DOS TRABALHADORES UNIFICADOS";"TO";"73440";"PALMAS";"29";"193";"02/03/2001";"REGULAR";"OFICIAL";"30/06/2004";"";"";"";""
"06/09/2017";"03:31:48";"035861772704";"DEUZIDETE MENDES CASTRO";"PSTU";"PARTIDO SOCIALISTA DOS TRABALHADORES UNIFICADOS";"TO";"73440";"PALMAS";"29";"247";"02/03/2001";"REGULAR";"OFICIAL";"30/06/2004";"";"";"";""
"06/09/2017";"03:31:48";"002764292461";"ROBERVAL LOPES DA SILVA";"PSTU";"PARTIDO SOCIALISTA DOS TRABALHADORES UNIFICADOS";"TO";"73440";"PALMAS";"29";"231";"06/01/1994";"REGULAR";"OFICIAL";"30/06/2004";"";"";"";""
"06/09/2017";"03:31:48";"034632621104";"JACKELINE AZEVEDO DA SILVA";"PSTU";"PARTIDO SOCIALISTA DOS TRABALHADORES UNIFICADOS";"TO";"73440";"PALMAS";"29";"210";"02/03/2001";"REGULAR";"OFICIAL";"30/06/2004";"";"";"";""
"06/09/2017";"03:31:48";"034362832755";"VERLANE DE JESUS SILVA";"PSTU";"PARTIDO SOCIALISTA DOS TRABALHADORES UNIFICADOS";"TO";"73440";"PALMAS";"29";"159";"02/03/2001";"REGULAR";"OFICIAL";"30/06/2004";"";"";"";""
"06/09/2017";"03:31:48";"034695972747";"DEUZIMAR PEREIRA DE SOUZA";"PSTU";"PARTIDO SOCIALISTA DOS TRABALHADORES UNIFICADOS";"TO";"73440";"PALMAS";"29";"203";"02/03/2001";"REGULAR";"OFICIAL";"30/06/2004";"";"";"";""
"06/09/2017";"03:31:48";"030084242755";"AROLDO PRETTO";"PSTU";"PARTIDO SOCIALISTA DOS TRABALHADORES UNIFICADOS";"TO";"73440";"PALMAS";"29";"41";"02/03/2001";"REGULAR";"OFICIAL";"30/06/2004";"";"";"";""
