DATA DA EXTRACAO;HORA DA EXTRACAO;NUMERO DA INSCRICAO;NOME DO FILIADO;SIGLA DO PARTIDO;NOME DO PARTIDO;UF;CODIGO DO MUNICIPIO;NOME DO MUNICIPIO;ZONA ELEITORAL;SECAO ELEITORAL;DATA DA FILIACAO;SITUACAO DO REGISTRO;TIPO DO REGISTRO;DATA DO PROCESSAMENTO;DATA DA DESFILIACAO;DATA DO CANCELAMENTO;DATA DA REGULARIZACAO;MOTIVO DO CANCELAMENTO
"02/08/2017";"04:31:36";"002170652658";"EUQUISSON JOSE DA SILVA MUNIZ";"PTN";"PARTIDO TRABALHISTA NACIONAL";"RR";"3018";"BOA VISTA";"5";"373";"25/11/1997";"SUB JUDICE";"OFICIAL";"18/04/2017";"";"14/12/2016";"";"A pedido do eleitor"
"02/08/2017";"04:31:36";"002170652658";"EUQUISSON JOSE DA SILVA MUNIZ";"PTN";"PARTIDO TRABALHISTA NACIONAL";"RR";"3018";"BOA VISTA";"5";"373";"31/07/2003";"SUB JUDICE";"OFICIAL";"18/04/2017";"";"14/12/2016";"";"A pedido do eleitor"
"02/08/2017";"04:31:36";"001008362666";"SERGIO DA SILVA";"PTN";"PARTIDO TRABALHISTA NACIONAL";"RR";"3018";"BOA VISTA";"5";"33";"12/12/1995";"SUB JUDICE";"OFICIAL";"18/04/2017";"";"";"";""
"02/08/2017";"04:31:36";"001008362666";"SERGIO DA SILVA";"PTN";"PARTIDO TRABALHISTA NACIONAL";"RR";"3018";"BOA VISTA";"5";"33";"31/07/2003";"SUB JUDICE";"OFICIAL";"18/04/2017";"";"";"";""
"02/08/2017";"04:31:36";"002164102682";"RAIMUNDO JOSE PEIXOTO MARQUES";"PTN";"PARTIDO TRABALHISTA NACIONAL";"RR";"3018";"BOA VISTA";"5";"397";"12/12/1995";"SUB JUDICE";"OFICIAL";"15/10/2016";"";"";"";""
"02/08/2017";"04:31:36";"002164102682";"RAIMUNDO JOSE PEIXOTO MARQUES";"PTN";"PARTIDO TRABALHISTA NACIONAL";"RR";"3018";"BOA VISTA";"5";"397";"31/07/2003";"SUB JUDICE";"OFICIAL";"15/10/2016";"";"";"";""
"02/08/2017";"04:31:36";"000196012607";"ROSILENE MARQUES";"PTN";"PARTIDO TRABALHISTA NACIONAL";"RR";"3018";"BOA VISTA";"5";"413";"29/11/1995";"SUB JUDICE";"OFICIAL";"18/04/2017";"";"";"";""
"02/08/2017";"04:31:36";"000196012607";"ROSILENE MARQUES";"PTN";"PARTIDO TRABALHISTA NACIONAL";"RR";"3018";"BOA VISTA";"5";"413";"31/07/2003";"SUB JUDICE";"OFICIAL";"18/04/2017";"";"";"";""
"02/08/2017";"04:31:36";"000047042607";"ABMAEL ALVES DE QUEIROZ";"PTN";"PARTIDO TRABALHISTA NACIONAL";"RR";"3018";"BOA VISTA";"1";"43";"01/10/2001";"SUB JUDICE";"OFICIAL";"16/10/2011";"";"";"";""
"02/08/2017";"04:31:36";"000047042607";"ABMAEL ALVES DE QUEIROZ";"PTN";"PARTIDO TRABALHISTA NACIONAL";"RR";"3018";"BOA VISTA";"1";"43";"31/07/2003";"SUB JUDICE";"OFICIAL";"16/10/2011";"";"";"";""
"02/08/2017";"04:31:36";"001807982666";"CLAUDIA DIAS DOS SANTOS";"PTN";"PARTIDO TRABALHISTA NACIONAL";"RR";"3018";"BOA VISTA";"5";"73";"05/09/2001";"SUB JUDICE";"OFICIAL";"18/04/2017";"";"";"";""
"02/08/2017";"04:31:36";"001807982666";"CLAUDIA DIAS DOS SANTOS";"PTN";"PARTIDO TRABALHISTA NACIONAL";"RR";"3018";"BOA VISTA";"5";"73";"31/07/2003";"SUB JUDICE";"OFICIAL";"18/04/2017";"";"";"";""
"02/08/2017";"04:31:36";"001725822631";"ANA CASSIA GONCALVES PEREIRA";"PTN";"PARTIDO TRABALHISTA NACIONAL";"RR";"3018";"BOA VISTA";"1";"179";"20/09/2001";"SUB JUDICE";"OFICIAL";"16/10/2011";"";"";"";""
"02/08/2017";"04:31:36";"001725822631";"ANA CASSIA GONCALVES PEREIRA";"PTN";"PARTIDO TRABALHISTA NACIONAL";"RR";"3018";"BOA VISTA";"1";"179";"31/07/2003";"SUB JUDICE";"OFICIAL";"16/10/2011";"";"";"";""
"02/08/2017";"04:31:36";"002113922690";"JANIEIRE MENDES BEZERRA";"PTN";"PARTIDO TRABALHISTA NACIONAL";"RR";"3018";"BOA VISTA";"5";"158";"12/12/1995";"SUB JUDICE";"OFICIAL";"18/04/2017";"";"";"";""
"02/08/2017";"04:31:36";"002113922690";"JANIEIRE MENDES BEZERRA";"PTN";"PARTIDO TRABALHISTA NACIONAL";"RR";"3018";"BOA VISTA";"5";"158";"31/07/2003";"SUB JUDICE";"OFICIAL";"18/04/2017";"";"";"";""
"02/08/2017";"04:31:36";"001825352666";"AVELINO DUARTE";"PTN";"PARTIDO TRABALHISTA NACIONAL";"RR";"3042";"AMAJARI";"7";"41";"02/04/2016";"SUB JUDICE";"OFICIAL";"18/04/2017";"";"";"";""
"02/08/2017";"04:31:36";"000399662631";"LUCIANO CANDIDO FERREIRA";"PTN";"PARTIDO TRABALHISTA NACIONAL";"RR";"3018";"BOA VISTA";"5";"314";"12/12/1995";"SUB JUDICE";"OFICIAL";"15/10/2016";"";"";"";""
"02/08/2017";"04:31:36";"000399662631";"LUCIANO CANDIDO FERREIRA";"PTN";"PARTIDO TRABALHISTA NACIONAL";"RR";"3018";"BOA VISTA";"5";"314";"31/07/2003";"SUB JUDICE";"OFICIAL";"15/10/2016";"";"";"";""
"02/08/2017";"04:31:36";"002264062640";"FREDERICO FERREIRA GOIS";"PTN";"PARTIDO TRABALHISTA NACIONAL";"RR";"3018";"BOA VISTA";"1";"222";"01/05/2001";"SUB JUDICE";"OFICIAL";"18/04/2017";"";"";"";""
"02/08/2017";"04:31:36";"002264062640";"FREDERICO FERREIRA GOIS";"PTN";"PARTIDO TRABALHISTA NACIONAL";"RR";"3018";"BOA VISTA";"1";"222";"31/07/2003";"SUB JUDICE";"OFICIAL";"18/04/2017";"";"";"";""
"02/08/2017";"04:31:36";"000038562631";"JULIO CESAR ARAUJO GOMES";"PTN";"PARTIDO TRABALHISTA NACIONAL";"RR";"3018";"BOA VISTA";"1";"27";"25/11/1997";"SUB JUDICE";"OFICIAL";"18/04/2017";"";"";"";""
"02/08/2017";"04:31:36";"000038562631";"JULIO CESAR ARAUJO GOMES";"PTN";"PARTIDO TRABALHISTA NACIONAL";"RR";"3018";"BOA VISTA";"1";"27";"31/07/2003";"SUB JUDICE";"OFICIAL";"18/04/2017";"";"";"";""
"02/08/2017";"04:31:36";"002258052666";"FLAMIR DA SILVA";"PTN";"PARTIDO TRABALHISTA NACIONAL";"RR";"3018";"BOA VISTA";"5";"214";"30/09/1999";"SUB JUDICE";"OFICIAL";"18/04/2017";"";"";"";""
"02/08/2017";"04:31:36";"002258052666";"FLAMIR DA SILVA";"PTN";"PARTIDO TRABALHISTA NACIONAL";"RR";"3018";"BOA VISTA";"5";"214";"31/07/2003";"SUB JUDICE";"OFICIAL";"18/04/2017";"";"";"";""
"02/08/2017";"04:31:36";"001146192607";"ROMILDO ANICETO PEREIRA";"PTN";"PARTIDO TRABALHISTA NACIONAL";"RR";"3018";"BOA VISTA";"5";"359";"12/12/1995";"SUB JUDICE";"OFICIAL";"18/04/2017";"";"";"";""
"02/08/2017";"04:31:36";"001146192607";"ROMILDO ANICETO PEREIRA";"PTN";"PARTIDO TRABALHISTA NACIONAL";"RR";"3018";"BOA VISTA";"5";"359";"31/07/2003";"SUB JUDICE";"OFICIAL";"18/04/2017";"";"";"";""
"02/08/2017";"04:31:36";"001316412690";"LUCIENE BEZERRA DE MELO";"PTN";"PARTIDO TRABALHISTA NACIONAL";"RR";"3018";"BOA VISTA";"1";"181";"30/11/1995";"SUB JUDICE";"OFICIAL";"18/04/2017";"";"";"";""
"02/08/2017";"04:31:36";"001316412690";"LUCIENE BEZERRA DE MELO";"PTN";"PARTIDO TRABALHISTA NACIONAL";"RR";"3018";"BOA VISTA";"1";"181";"31/07/2003";"SUB JUDICE";"OFICIAL";"18/04/2017";"";"";"";""
"02/08/2017";"04:31:36";"000436952607";"CARLOTA PEIXOTO DE ALENCAR";"PTN";"PARTIDO TRABALHISTA NACIONAL";"RR";"3018";"BOA VISTA";"5";"32";"08/12/1995";"SUB JUDICE";"OFICIAL";"18/04/2017";"";"";"";""
"02/08/2017";"04:31:36";"000436952607";"CARLOTA PEIXOTO DE ALENCAR";"PTN";"PARTIDO TRABALHISTA NACIONAL";"RR";"3018";"BOA VISTA";"5";"32";"31/07/2003";"SUB JUDICE";"OFICIAL";"18/04/2017";"";"";"";""
"02/08/2017";"04:31:36";"001720272690";"DOROTHY SOUZA DOS SANTOS";"PTN";"PARTIDO TRABALHISTA NACIONAL";"RR";"3018";"BOA VISTA";"1";"69";"11/09/2001";"SUB JUDICE";"OFICIAL";"18/04/2017";"";"";"";""
"02/08/2017";"04:31:36";"001720272690";"DOROTHY SOUZA DOS SANTOS";"PTN";"PARTIDO TRABALHISTA NACIONAL";"RR";"3018";"BOA VISTA";"1";"69";"31/07/2003";"SUB JUDICE";"OFICIAL";"18/04/2017";"";"";"";""
"02/08/2017";"04:31:36";"000339172623";"FRANKLIN DA SILVA BRAID";"PTN";"PARTIDO TRABALHISTA NACIONAL";"RR";"3018";"BOA VISTA";"1";"25";"28/09/2001";"SUB JUDICE";"OFICIAL";"18/04/2017";"";"";"";""
"02/08/2017";"04:31:36";"000339172623";"FRANKLIN DA SILVA BRAID";"PTN";"PARTIDO TRABALHISTA NACIONAL";"RR";"3018";"BOA VISTA";"1";"25";"31/07/2003";"SUB JUDICE";"OFICIAL";"18/04/2017";"";"";"";""
"02/08/2017";"04:31:36";"000494612658";"JOSE SIMOES DE OLIVEIRA";"PTN";"PARTIDO TRABALHISTA NACIONAL";"RR";"3018";"BOA VISTA";"5";"354";"30/11/1995";"SUB JUDICE";"OFICIAL";"18/04/2017";"";"";"";""
"02/08/2017";"04:31:36";"000494612658";"JOSE SIMOES DE OLIVEIRA";"PTN";"PARTIDO TRABALHISTA NACIONAL";"RR";"3018";"BOA VISTA";"5";"354";"31/07/2003";"SUB JUDICE";"OFICIAL";"18/04/2017";"";"";"";""
"02/08/2017";"04:31:36";"002352382690";"MARIA YARA GARCIA MESQUITA";"PTN";"PARTIDO TRABALHISTA NACIONAL";"RR";"3018";"BOA VISTA";"1";"183";"20/09/2001";"SUB JUDICE";"OFICIAL";"18/04/2017";"";"";"";""
"02/08/2017";"04:31:36";"002352382690";"MARIA YARA GARCIA MESQUITA";"PTN";"PARTIDO TRABALHISTA NACIONAL";"RR";"3018";"BOA VISTA";"1";"183";"31/07/2003";"SUB JUDICE";"OFICIAL";"18/04/2017";"";"";"";""
"02/08/2017";"04:31:36";"000480852615";"ARISTOCLIDES XAVIER CAMPOS";"PTN";"PARTIDO TRABALHISTA NACIONAL";"RR";"3018";"BOA VISTA";"1";"26";"02/10/1997";"SUB JUDICE";"OFICIAL";"18/04/2017";"";"";"";""
"02/08/2017";"04:31:36";"000480852615";"ARISTOCLIDES XAVIER CAMPOS";"PTN";"PARTIDO TRABALHISTA NACIONAL";"RR";"3018";"BOA VISTA";"1";"26";"31/07/2003";"SUB JUDICE";"OFICIAL";"18/04/2017";"";"";"";""
