DATA DA EXTRACAO;HORA DA EXTRACAO;NUMERO DA INSCRICAO;NOME DO FILIADO;SIGLA DO PARTIDO;NOME DO PARTIDO;UF;CODIGO DO MUNICIPIO;NOME DO MUNICIPIO;ZONA ELEITORAL;SECAO ELEITORAL;DATA DA FILIACAO;SITUACAO DO REGISTRO;TIPO DO REGISTRO;DATA DO PROCESSAMENTO;DATA DA DESFILIACAO;DATA DO CANCELAMENTO;DATA DA REGULARIZACAO;MOTIVO DO CANCELAMENTO
"06/09/2017";"03:34:40";"071269020590";"MARINA COUTINHO DA SILVA";"PRB";"PARTIDO REPUBLICANO BRASILEIRO";"BA";"37419";"MUCURI";"35";"203";"05/10/2007";"SUB JUDICE";"OFICIAL";"18/04/2017";"09/10/2016";"09/10/2016";"";""
"06/09/2017";"03:34:40";"051881850531";"JOSENILTON NUNES MIRANDA";"PRB";"PARTIDO REPUBLICANO BRASILEIRO";"BA";"39578";"VALEN�A";"31";"100";"02/04/2016";"SUB JUDICE";"OFICIAL";"15/10/2016";"";"";"";""
"06/09/2017";"03:34:40";"113279360515";"IVONALDO MOURA DOS SANTOS";"PRB";"PARTIDO REPUBLICANO BRASILEIRO";"BA";"37311";"MONTE SANTO";"50";"252";"23/03/2016";"SUB JUDICE";"OFICIAL";"18/04/2017";"";"";"";""
"06/09/2017";"03:34:40";"087306560558";"ITAMAR SETENTA JUNIOR";"PRB";"PARTIDO REPUBLICANO BRASILEIRO";"BA";"39497";"UNA";"116";"27";"04/10/2007";"SUB JUDICE";"OFICIAL";"15/04/2016";"15/05/2011";"27/09/2011";"";"A pedido do eleitor"
