DATA DA EXTRACAO;HORA DA EXTRACAO;NUMERO DA INSCRICAO;NOME DO FILIADO;SIGLA DO PARTIDO;NOME DO PARTIDO;UF;CODIGO DO MUNICIPIO;NOME DO MUNICIPIO;ZONA ELEITORAL;SECAO ELEITORAL;DATA DA FILIACAO;SITUACAO DO REGISTRO;TIPO DO REGISTRO;DATA DO PROCESSAMENTO;DATA DA DESFILIACAO;DATA DO CANCELAMENTO;DATA DA REGULARIZACAO;MOTIVO DO CANCELAMENTO
"06/09/2017";"03:34:43";"069609220558";"VERA L�CIA FERREIRA MARQUES";"PV";"PARTIDO VERDE";"BA";"34410";"CARINHANHA";"125";"7";"02/04/2016";"SUB JUDICE";"OFICIAL";"15/04/2016";"";"";"";""
"06/09/2017";"03:34:43";"104945210540";"NADIA MARIA OLIVEIRA DA SILVA";"PV";"PARTIDO VERDE";"BA";"38075";"PORTO SEGURO";"121";"181";"02/04/2016";"SUB JUDICE";"OFICIAL";"15/04/2016";"";"";"";""
"06/09/2017";"03:34:43";"080995210574";"MARCIA VIEIRA";"PV";"PARTIDO VERDE";"BA";"35939";"IREC�";"95";"136";"02/04/2016";"SUB JUDICE";"OFICIAL";"15/04/2016";"";"";"";""
"06/09/2017";"03:34:43";"082720010507";"JULDEAN MARQUES";"PV";"PARTIDO VERDE";"BA";"37419";"MUCURI";"35";"246";"03/09/1999";"SUB JUDICE";"OFICIAL";"15/04/2016";"";"";"";""
"06/09/2017";"03:34:43";"082720010507";"JULDEAN MARQUES";"PV";"PARTIDO VERDE";"BA";"37419";"MUCURI";"35";"246";"30/09/1999";"SUB JUDICE";"OFICIAL";"15/04/2016";"05/09/2011";"";"";""
"06/09/2017";"03:34:43";"087306560558";"ITAMAR SETENTA JUNIOR";"PV";"PARTIDO VERDE";"BA";"39497";"UNA";"116";"27";"23/09/2011";"SUB JUDICE";"OFICIAL";"15/04/2016";"";"";"";""
