DATA DA EXTRACAO;HORA DA EXTRACAO;NUMERO DA INSCRICAO;NOME DO FILIADO;SIGLA DO PARTIDO;NOME DO PARTIDO;UF;CODIGO DO MUNICIPIO;NOME DO MUNICIPIO;ZONA ELEITORAL;SECAO ELEITORAL;DATA DA FILIACAO;SITUACAO DO REGISTRO;TIPO DO REGISTRO;DATA DO PROCESSAMENTO;DATA DA DESFILIACAO;DATA DO CANCELAMENTO;DATA DA REGULARIZACAO;MOTIVO DO CANCELAMENTO
"06/09/2017";"03:34:39";"051808970281";"EVERALDO PEREIRA DA SILVA";"PC DO B";"PARTIDO COMUNISTA DO BRASIL";"MG";"48216";"MATOZINHOS";"174";"14";"10/10/2010";"SUB JUDICE";"OFICIAL";"15/04/2016";"";"";"";""
"06/09/2017";"03:34:39";"115498270230";"CARLOS ALBERTO PINTO";"PC DO B";"PARTIDO COMUNISTA DO BRASIL";"MG";"46051";"IGUATAMA";"304";"22";"02/04/2016";"SUB JUDICE";"OFICIAL";"15/04/2016";"";"";"";""
"06/09/2017";"03:34:39";"134735560213";"LUCIANO LEITE SOARES";"PC DO B";"PARTIDO COMUNISTA DO BRASIL";"MG";"40703";"S�O JO�O DA LAGOA";"94";"109";"27/03/2016";"SUB JUDICE";"OFICIAL";"18/04/2017";"";"";"";""
"06/09/2017";"03:34:39";"051808970281";"EVERALDO PEREIRA DA SILVA";"PC DO B";"PARTIDO COMUNISTA DO BRASIL";"MG";"48216";"MATOZINHOS";"174";"14";"21/10/1999";"SUB JUDICE";"OFICIAL";"15/04/2016";"";"";"";""
