DATA DA EXTRACAO;HORA DA EXTRACAO;NUMERO DA INSCRICAO;NOME DO FILIADO;SIGLA DO PARTIDO;NOME DO PARTIDO;UF;CODIGO DO MUNICIPIO;NOME DO MUNICIPIO;ZONA ELEITORAL;SECAO ELEITORAL;DATA DA FILIACAO;SITUACAO DO REGISTRO;TIPO DO REGISTRO;DATA DO PROCESSAMENTO;DATA DA DESFILIACAO;DATA DO CANCELAMENTO;DATA DA REGULARIZACAO;MOTIVO DO CANCELAMENTO
"06/09/2017";"03:22:39";"002652542640";"ELTON SOUZA DOS REIS";"PCB";"PARTIDO COMUNISTA BRASILEIRO";"RR";"3018";"BOA VISTA";"5";"16";"01/01/2016";"REGULAR";"OFICIAL";"07/06/2016";"";"";"";""
"06/09/2017";"03:22:39";"003992872607";"ARLISSON SOUSA NASCIMENTO";"PCB";"PARTIDO COMUNISTA BRASILEIRO";"RR";"3018";"BOA VISTA";"5";"159";"01/08/2015";"REGULAR";"OFICIAL";"07/06/2016";"";"";"";""
"06/09/2017";"03:22:39";"002329452607";"VALDEMAR JOS� DA SILVA JUNIOR";"PCB";"PARTIDO COMUNISTA BRASILEIRO";"RR";"3018";"BOA VISTA";"5";"330";"02/04/2016";"REGULAR";"OFICIAL";"07/06/2016";"";"";"";""
"06/09/2017";"03:22:39";"001328772682";"PAULO THADEU FRANCO DAS NEVES";"PCB";"PARTIDO COMUNISTA BRASILEIRO";"RR";"3018";"BOA VISTA";"1";"72";"01/08/2015";"REGULAR";"OFICIAL";"15/10/2016";"";"";"";""
