DATA DA EXTRACAO;HORA DA EXTRACAO;NUMERO DA INSCRICAO;NOME DO FILIADO;SIGLA DO PARTIDO;NOME DO PARTIDO;UF;CODIGO DO MUNICIPIO;NOME DO MUNICIPIO;ZONA ELEITORAL;SECAO ELEITORAL;DATA DA FILIACAO;SITUACAO DO REGISTRO;TIPO DO REGISTRO;DATA DO PROCESSAMENTO;DATA DA DESFILIACAO;DATA DO CANCELAMENTO;DATA DA REGULARIZACAO;MOTIVO DO CANCELAMENTO
"06/09/2017";"03:34:43";"007967421503";"ANTONIO ALVES PEREIRA";"PV";"PARTIDO VERDE";"PI";"11576";"PEDRO II";"12";"95";"11/10/2011";"SUB JUDICE";"OFICIAL";"15/04/2016";"";"";"";""
"06/09/2017";"03:34:43";"027476081511";"WASHINGTON LUIZ SIQUEIRA PONTES";"PV";"PARTIDO VERDE";"PI";"10820";"ILHA GRANDE";"4";"70";"19/09/2007";"SUB JUDICE";"OFICIAL";"28/05/2008";"";"";"";""
"06/09/2017";"03:34:43";"027476081511";"WASHINGTON LUIZ SIQUEIRA PONTES";"PV";"PARTIDO VERDE";"PI";"10820";"ILHA GRANDE";"4";"70";"17/09/2007";"SUB JUDICE";"OFICIAL";"28/05/2008";"";"";"";""
"06/09/2017";"03:34:43";"007967421503";"ANTONIO ALVES PEREIRA";"PV";"PARTIDO VERDE";"PI";"11576";"PEDRO II";"12";"95";"15/01/2011";"SUB JUDICE";"OFICIAL";"15/04/2016";"";"";"";""
