DATA DA EXTRACAO;HORA DA EXTRACAO;NUMERO DA INSCRICAO;NOME DO FILIADO;SIGLA DO PARTIDO;NOME DO PARTIDO;UF;CODIGO DO MUNICIPIO;NOME DO MUNICIPIO;ZONA ELEITORAL;SECAO ELEITORAL;DATA DA FILIACAO;SITUACAO DO REGISTRO;TIPO DO REGISTRO;DATA DO PROCESSAMENTO;DATA DA DESFILIACAO;DATA DO CANCELAMENTO;DATA DA REGULARIZACAO;MOTIVO DO CANCELAMENTO
"06/09/2017";"03:34:40";"042821841031";"RUBENS VIEIRA NETO";"PRB";"PARTIDO REPUBLICANO BRASILEIRO";"GO";"93165";"INACIOL�NDIA";"46";"108";"23/03/2016";"SUB JUDICE";"OFICIAL";"15/04/2016";"";"";"";""
"06/09/2017";"03:34:40";"051442531015";"MAXSUEL PEREIRA";"PRB";"PARTIDO REPUBLICANO BRASILEIRO";"GO";"95559";"PORANGATU";"55";"1";"25/03/2016";"SUB JUDICE";"OFICIAL";"18/04/2017";"";"";"";""
"06/09/2017";"03:34:40";"030590181031";"MARIA ROSA DE JESUS SILVA";"PRB";"PARTIDO REPUBLICANO BRASILEIRO";"GO";"95559";"PORANGATU";"55";"114";"25/03/2016";"SUB JUDICE";"OFICIAL";"18/04/2017";"";"";"";""
"06/09/2017";"03:34:40";"055033641040";"JULIANA PEREIRA DOS SANTOS";"PRB";"PARTIDO REPUBLICANO BRASILEIRO";"GO";"95559";"PORANGATU";"55";"21";"25/03/2016";"SUB JUDICE";"OFICIAL";"15/10/2016";"";"";"";""
"06/09/2017";"03:34:40";"031179241007";"MESSIAS LOPES DOS SANTOS";"PRB";"PARTIDO REPUBLICANO BRASILEIRO";"GO";"95559";"PORANGATU";"55";"70";"25/03/2016";"SUB JUDICE";"OFICIAL";"18/04/2017";"";"";"";""
"06/09/2017";"03:34:40";"056552941074";"MARIA SONIA PEREIRA DA CRUZ";"PRB";"PARTIDO REPUBLICANO BRASILEIRO";"GO";"95559";"PORANGATU";"55";"86";"25/03/2016";"SUB JUDICE";"OFICIAL";"15/10/2016";"";"";"";""
"06/09/2017";"03:34:40";"057797651007";"MARCELO DIAS DA SILVA";"PRB";"PARTIDO REPUBLICANO BRASILEIRO";"GO";"95559";"PORANGATU";"55";"31";"25/03/2016";"SUB JUDICE";"OFICIAL";"18/04/2017";"";"";"";""
"06/09/2017";"03:34:40";"064584291015";"KELLY LYANDRA SOUZA";"PRB";"PARTIDO REPUBLICANO BRASILEIRO";"GO";"95559";"PORANGATU";"55";"121";"25/03/2016";"SUB JUDICE";"OFICIAL";"18/04/2017";"";"";"";""
"06/09/2017";"03:34:40";"033317291015";"HILTON EVANGELISTA BORGES";"PRB";"PARTIDO REPUBLICANO BRASILEIRO";"GO";"95559";"PORANGATU";"55";"78";"25/03/2016";"SUB JUDICE";"OFICIAL";"15/10/2016";"";"";"";""
"06/09/2017";"03:34:40";"022305211015";"MARIA ROSANGELA SANTOS";"PRB";"PARTIDO REPUBLICANO BRASILEIRO";"GO";"95559";"PORANGATU";"55";"6";"25/03/2016";"SUB JUDICE";"OFICIAL";"18/04/2017";"";"";"";""
"06/09/2017";"03:34:40";"034091991082";"MARCIO MARQUES DE SOUZA";"PRB";"PARTIDO REPUBLICANO BRASILEIRO";"GO";"95559";"PORANGATU";"55";"62";"25/03/2016";"SUB JUDICE";"OFICIAL";"18/04/2017";"";"";"";""
"06/09/2017";"03:34:40";"018006881848";"DIVINA LUCIA GARCIA SANTOS";"PRB";"PARTIDO REPUBLICANO BRASILEIRO";"GO";"95559";"PORANGATU";"55";"96";"25/03/2016";"SUB JUDICE";"OFICIAL";"18/04/2017";"";"";"";""
"06/09/2017";"03:34:40";"027789891066";"JO�O VITORIA CARDOSO";"PRB";"PARTIDO REPUBLICANO BRASILEIRO";"GO";"95559";"PORANGATU";"55";"6";"25/03/2016";"SUB JUDICE";"OFICIAL";"18/04/2017";"";"";"";""
"06/09/2017";"03:34:40";"027900931023";"EDENILTON DE PAULA CORDEIRO";"PRB";"PARTIDO REPUBLICANO BRASILEIRO";"GO";"95559";"PORANGATU";"55";"69";"25/03/2016";"SUB JUDICE";"OFICIAL";"15/10/2016";"";"";"";""
"06/09/2017";"03:34:40";"018006911848";"JOSE FLORENCIO BARROS DOS SANTOS";"PRB";"PARTIDO REPUBLICANO BRASILEIRO";"GO";"95559";"PORANGATU";"55";"96";"25/03/2016";"SUB JUDICE";"OFICIAL";"18/04/2017";"";"";"";""
"06/09/2017";"03:34:40";"032152231007";"FRANCINALDO LOPES DOS SANTOS";"PRB";"PARTIDO REPUBLICANO BRASILEIRO";"GO";"95559";"PORANGATU";"55";"27";"25/03/2016";"SUB JUDICE";"OFICIAL";"18/04/2017";"";"";"";""
"06/09/2017";"03:34:40";"022306231040";"EVALDO FIALHO DE SOUZA";"PRB";"PARTIDO REPUBLICANO BRASILEIRO";"GO";"95559";"PORANGATU";"55";"59";"25/03/2016";"SUB JUDICE";"OFICIAL";"18/04/2017";"";"";"";""
"06/09/2017";"03:34:40";"015448031074";"LUCIA HELENA DE OLIVEIRA CORDEIRO";"PRB";"PARTIDO REPUBLICANO BRASILEIRO";"GO";"95559";"PORANGATU";"55";"69";"25/03/2016";"SUB JUDICE";"OFICIAL";"18/04/2017";"";"";"";""
"06/09/2017";"03:34:40";"038567891007";"LUCIANA PEREIRA DOS SANTOS";"PRB";"PARTIDO REPUBLICANO BRASILEIRO";"GO";"95559";"PORANGATU";"55";"80";"25/03/2016";"SUB JUDICE";"OFICIAL";"15/10/2016";"";"";"";""
"06/09/2017";"03:34:40";"040435381058";"EVALDO MENDES BORGES";"PRB";"PARTIDO REPUBLICANO BRASILEIRO";"GO";"95559";"PORANGATU";"55";"64";"25/03/2016";"SUB JUDICE";"OFICIAL";"18/04/2017";"";"";"";""
"06/09/2017";"03:34:40";"043256421023";"MARIA DO CARMO CAMPOS NASCIMENTO";"PRB";"PARTIDO REPUBLICANO BRASILEIRO";"GO";"95559";"PORANGATU";"55";"96";"25/03/2016";"SUB JUDICE";"OFICIAL";"18/04/2017";"";"";"";""
"06/09/2017";"03:34:40";"022306951015";"DORACINA DE JESUS FARIA";"PRB";"PARTIDO REPUBLICANO BRASILEIRO";"GO";"95559";"PORANGATU";"55";"96";"25/03/2016";"SUB JUDICE";"OFICIAL";"15/10/2016";"";"";"";""
"06/09/2017";"03:34:40";"065420561007";"JOSE ANTONIO PEREIRA DOS SANTOS";"PRB";"PARTIDO REPUBLICANO BRASILEIRO";"GO";"95559";"PORANGATU";"55";"63";"25/03/2016";"SUB JUDICE";"OFICIAL";"15/10/2016";"";"";"";""
"06/09/2017";"03:34:40";"059697441007";"MARIA APARECIDA FERREIRA DOS SANTOS";"PRB";"PARTIDO REPUBLICANO BRASILEIRO";"GO";"95559";"PORANGATU";"55";"93";"25/03/2016";"SUB JUDICE";"OFICIAL";"15/10/2016";"";"";"";""
"06/09/2017";"03:34:40";"061302141074";"MARIA NIKELE MORAIS SILVA";"PRB";"PARTIDO REPUBLICANO BRASILEIRO";"GO";"95559";"PORANGATU";"55";"96";"25/03/2016";"SUB JUDICE";"OFICIAL";"18/04/2017";"";"";"";""
"06/09/2017";"03:34:40";"065790361376";"EDSON RESENDE DA SILVA";"PRB";"PARTIDO REPUBLICANO BRASILEIRO";"GO";"95559";"PORANGATU";"55";"17";"25/03/2016";"SUB JUDICE";"OFICIAL";"15/10/2016";"";"";"";""
"06/09/2017";"03:34:40";"064585801082";"JOAO PAULO FERREIRA SENA";"PRB";"PARTIDO REPUBLICANO BRASILEIRO";"GO";"95559";"PORANGATU";"55";"21";"25/03/2016";"SUB JUDICE";"OFICIAL";"15/10/2016";"";"";"";""
"06/09/2017";"03:34:40";"044834431082";"REGINALDO SOUZA SILVA";"PRB";"PARTIDO REPUBLICANO BRASILEIRO";"GO";"95559";"PORANGATU";"55";"85";"02/04/2016";"SUB JUDICE";"OFICIAL";"18/04/2017";"03/04/2016";"";"";""
"06/09/2017";"03:34:40";"029997861007";"JOAO BOSCO FERNANDES DOS SANTOS";"PRB";"PARTIDO REPUBLICANO BRASILEIRO";"GO";"95559";"PORANGATU";"55";"59";"02/04/2016";"SUB JUDICE";"OFICIAL";"15/10/2016";"";"";"";""
