DATA DA EXTRACAO;HORA DA EXTRACAO;NUMERO DA INSCRICAO;NOME DO FILIADO;SIGLA DO PARTIDO;NOME DO PARTIDO;UF;CODIGO DO MUNICIPIO;NOME DO MUNICIPIO;ZONA ELEITORAL;SECAO ELEITORAL;DATA DA FILIACAO;SITUACAO DO REGISTRO;TIPO DO REGISTRO;DATA DO PROCESSAMENTO;DATA DA DESFILIACAO;DATA DO CANCELAMENTO;DATA DA REGULARIZACAO;MOTIVO DO CANCELAMENTO
"06/09/2017";"03:34:40";"003145082550";"DOMINGOS DE JESUS SOUZA RODRIGUES";"PRB";"PARTIDO REPUBLICANO BRASILEIRO";"AP";"6157";"SANTANA";"6";"75";"02/10/2007";"SUB JUDICE";"OFICIAL";"15/04/2016";"";"";"";""
"06/09/2017";"03:34:40";"003145082550";"DOMINGOS DE JESUS SOUZA RODRIGUES";"PRB";"PARTIDO REPUBLICANO BRASILEIRO";"AP";"6157";"SANTANA";"6";"75";"14/09/2007";"SUB JUDICE";"OFICIAL";"15/04/2016";"";"";"";""
"06/09/2017";"03:34:40";"000629262500";"MATILDE DA SILVA DUARTE";"PRB";"PARTIDO REPUBLICANO BRASILEIRO";"AP";"6157";"SANTANA";"6";"28";"17/09/2007";"SUB JUDICE";"OFICIAL";"15/04/2016";"";"";"";""
"06/09/2017";"03:34:40";"000629262500";"MATILDE DA SILVA DUARTE";"PRB";"PARTIDO REPUBLICANO BRASILEIRO";"AP";"6157";"SANTANA";"6";"28";"16/09/2007";"SUB JUDICE";"OFICIAL";"15/04/2016";"";"";"";""
"06/09/2017";"03:34:40";"003644052577";"GENIFE FERNANDES CRUZ";"PRB";"PARTIDO REPUBLICANO BRASILEIRO";"AP";"6157";"SANTANA";"6";"4";"17/09/2007";"SUB JUDICE";"OFICIAL";"15/04/2016";"";"";"";""
"06/09/2017";"03:34:40";"003644052577";"GENIFE FERNANDES CRUZ";"PRB";"PARTIDO REPUBLICANO BRASILEIRO";"AP";"6157";"SANTANA";"6";"4";"16/09/2007";"SUB JUDICE";"OFICIAL";"15/04/2016";"";"";"";""
