DATA DA EXTRACAO;HORA DA EXTRACAO;NUMERO DA INSCRICAO;NOME DO FILIADO;SIGLA DO PARTIDO;NOME DO PARTIDO;UF;CODIGO DO MUNICIPIO;NOME DO MUNICIPIO;ZONA ELEITORAL;SECAO ELEITORAL;DATA DA FILIACAO;SITUACAO DO REGISTRO;TIPO DO REGISTRO;DATA DO PROCESSAMENTO;DATA DA DESFILIACAO;DATA DO CANCELAMENTO;DATA DA REGULARIZACAO;MOTIVO DO CANCELAMENTO
"06/09/2017";"03:34:40";"004773882283";"EUCLIDES NUNES DE MELO";"PPS";"PARTIDO POPULAR SOCIALISTA";"AM";"2054";"ATALAIA DO NORTE";"42";"3";"05/08/2003";"SUB JUDICE";"OFICIAL";"15/04/2016";"";"";"";""
"06/09/2017";"03:34:40";"004773882283";"EUCLIDES NUNES DE MELO";"PPS";"PARTIDO POPULAR SOCIALISTA";"AM";"2054";"ATALAIA DO NORTE";"42";"3";"19/02/2003";"SUB JUDICE";"OFICIAL";"15/04/2016";"";"";"";""
"06/09/2017";"03:34:40";"017659362216";"PEDRO DACIO RODRIGUES MELLO";"PPS";"PARTIDO POPULAR SOCIALISTA";"AM";"2054";"ATALAIA DO NORTE";"42";"9";"05/08/2003";"SUB JUDICE";"OFICIAL";"15/04/2016";"";"";"";""
"06/09/2017";"03:34:40";"017659362216";"PEDRO DACIO RODRIGUES MELLO";"PPS";"PARTIDO POPULAR SOCIALISTA";"AM";"2054";"ATALAIA DO NORTE";"42";"9";"19/12/2003";"SUB JUDICE";"OFICIAL";"15/04/2016";"";"";"";""
"06/09/2017";"03:34:40";"017292152283";"MARIA DULCIETE CASTRO BARROSO";"PPS";"PARTIDO POPULAR SOCIALISTA";"AM";"2054";"ATALAIA DO NORTE";"42";"3";"05/08/2003";"SUB JUDICE";"OFICIAL";"15/04/2016";"";"";"";""
"06/09/2017";"03:34:40";"017292152283";"MARIA DULCIETE CASTRO BARROSO";"PPS";"PARTIDO POPULAR SOCIALISTA";"AM";"2054";"ATALAIA DO NORTE";"42";"3";"08/03/2003";"SUB JUDICE";"OFICIAL";"15/04/2016";"";"";"";""
"06/09/2017";"03:34:40";"014002222216";"JURANDIR ELMO MONTEIRO CAVALCANTE";"PPS";"PARTIDO POPULAR SOCIALISTA";"AM";"98370";"ITAMARATI";"69";"3";"29/08/2003";"SUB JUDICE";"OFICIAL";"16/10/2011";"19/09/2011";"";"";""
"06/09/2017";"03:34:40";"014002222216";"JURANDIR ELMO MONTEIRO CAVALCANTE";"PPS";"PARTIDO POPULAR SOCIALISTA";"AM";"98370";"ITAMARATI";"69";"3";"29/09/2003";"SUB JUDICE";"OFICIAL";"16/10/2011";"12/04/2011";"";"";""
"06/09/2017";"03:34:40";"004340142208";"RAIMUNDO NONATO PACIFICO DOS SANTOS";"PPS";"PARTIDO POPULAR SOCIALISTA";"AM";"2054";"ATALAIA DO NORTE";"42";"2";"05/08/2003";"SUB JUDICE";"OFICIAL";"15/04/2016";"";"";"";""
"06/09/2017";"03:34:40";"004340142208";"RAIMUNDO NONATO PACIFICO DOS SANTOS";"PPS";"PARTIDO POPULAR SOCIALISTA";"AM";"2054";"ATALAIA DO NORTE";"42";"2";"08/03/2003";"SUB JUDICE";"OFICIAL";"15/04/2016";"";"";"";""
"06/09/2017";"03:34:40";"014373272208";"JOSE RODRIGUES REINALDO";"PPS";"PARTIDO POPULAR SOCIALISTA";"AM";"2453";"JAPUR�";"48";"3";"29/09/2003";"SUB JUDICE";"OFICIAL";"15/10/2016";"";"";"";""
"06/09/2017";"03:34:40";"014373272208";"JOSE RODRIGUES REINALDO";"PPS";"PARTIDO POPULAR SOCIALISTA";"AM";"2453";"JAPUR�";"48";"3";"30/09/2007";"SUB JUDICE";"OFICIAL";"15/10/2016";"";"";"";""
"06/09/2017";"03:34:40";"017659582224";"ADNO CASTRO DA SILVA";"PPS";"PARTIDO POPULAR SOCIALISTA";"AM";"2054";"ATALAIA DO NORTE";"42";"9";"19/02/2003";"SUB JUDICE";"OFICIAL";"15/04/2016";"";"";"";""
"06/09/2017";"03:34:40";"017659582224";"ADNO CASTRO DA SILVA";"PPS";"PARTIDO POPULAR SOCIALISTA";"AM";"2054";"ATALAIA DO NORTE";"42";"9";"05/08/2003";"SUB JUDICE";"OFICIAL";"15/04/2016";"";"";"";""
"06/09/2017";"03:34:40";"014845872232";"MARIA MADALENA DA SILVA MARICAUA";"PPS";"PARTIDO POPULAR SOCIALISTA";"AM";"2054";"ATALAIA DO NORTE";"42";"8";"11/09/2003";"SUB JUDICE";"OFICIAL";"15/04/2016";"";"";"";""
"06/09/2017";"03:34:40";"014845872232";"MARIA MADALENA DA SILVA MARICAUA";"PPS";"PARTIDO POPULAR SOCIALISTA";"AM";"2054";"ATALAIA DO NORTE";"42";"8";"01/07/2003";"SUB JUDICE";"OFICIAL";"15/04/2016";"";"";"";""
"06/09/2017";"03:34:40";"011328062216";"LUCIA ROQUE DA SILVA";"PPS";"PARTIDO POPULAR SOCIALISTA";"AM";"2054";"ATALAIA DO NORTE";"42";"4";"05/08/2003";"SUB JUDICE";"OFICIAL";"15/04/2016";"";"";"";""
"06/09/2017";"03:34:40";"011328062216";"LUCIA ROQUE DA SILVA";"PPS";"PARTIDO POPULAR SOCIALISTA";"AM";"2054";"ATALAIA DO NORTE";"42";"4";"08/03/2003";"SUB JUDICE";"OFICIAL";"15/04/2016";"";"";"";""
"06/09/2017";"03:34:40";"017659432240";"GISELENE FREITAS MIGUEL";"PPS";"PARTIDO POPULAR SOCIALISTA";"AM";"2054";"ATALAIA DO NORTE";"42";"2";"11/09/2003";"SUB JUDICE";"OFICIAL";"15/04/2016";"";"";"";""
"06/09/2017";"03:34:40";"017659432240";"GISELENE FREITAS MIGUEL";"PPS";"PARTIDO POPULAR SOCIALISTA";"AM";"2054";"ATALAIA DO NORTE";"42";"2";"01/07/2003";"SUB JUDICE";"OFICIAL";"15/04/2016";"";"";"";""
"06/09/2017";"03:34:40";"017651922216";"ADALTO SALDANHA DA GAMA";"PPS";"PARTIDO POPULAR SOCIALISTA";"AM";"2054";"ATALAIA DO NORTE";"42";"11";"11/09/2003";"SUB JUDICE";"OFICIAL";"15/04/2016";"";"";"";""
"06/09/2017";"03:34:40";"017651922216";"ADALTO SALDANHA DA GAMA";"PPS";"PARTIDO POPULAR SOCIALISTA";"AM";"2054";"ATALAIA DO NORTE";"42";"11";"01/07/2003";"SUB JUDICE";"OFICIAL";"15/04/2016";"";"";"";""
"06/09/2017";"03:34:40";"004339752240";"JOAO FERREIRA SOBRINHO";"PPS";"PARTIDO POPULAR SOCIALISTA";"AM";"2054";"ATALAIA DO NORTE";"42";"2";"11/09/2003";"SUB JUDICE";"OFICIAL";"15/04/2016";"";"";"";""
"06/09/2017";"03:34:40";"004339752240";"JOAO FERREIRA SOBRINHO";"PPS";"PARTIDO POPULAR SOCIALISTA";"AM";"2054";"ATALAIA DO NORTE";"42";"2";"01/07/2003";"SUB JUDICE";"OFICIAL";"15/04/2016";"";"";"";""
