DATA DA EXTRACAO;HORA DA EXTRACAO;NUMERO DA INSCRICAO;NOME DO FILIADO;SIGLA DO PARTIDO;NOME DO PARTIDO;UF;CODIGO DO MUNICIPIO;NOME DO MUNICIPIO;ZONA ELEITORAL;SECAO ELEITORAL;DATA DA FILIACAO;SITUACAO DO REGISTRO;TIPO DO REGISTRO;DATA DO PROCESSAMENTO;DATA DA DESFILIACAO;DATA DO CANCELAMENTO;DATA DA REGULARIZACAO;MOTIVO DO CANCELAMENTO
"06/09/2017";"03:34:40";"005620502232";"RAIMUNDO TORQUATO DE MIRANDA SANTOS";"PMB";"PARTIDO DA MULHER BRASILEIRA";"AM";"2615";"MAU�S";"5";"6";"01/04/2016";"SUB JUDICE";"OFICIAL";"15/10/2016";"";"";"";""
"06/09/2017";"03:34:40";"031901482240";"KASSE JHONES RIBEIRO BATISTA";"PMB";"PARTIDO DA MULHER BRASILEIRA";"AM";"2259";"COARI";"8";"139";"01/04/2016";"SUB JUDICE";"OFICIAL";"15/10/2016";"";"";"";""
"06/09/2017";"03:34:40";"032755442291";"SAMID DA COSTA ALMEIDA";"PMB";"PARTIDO DA MULHER BRASILEIRA";"AM";"2291";"EIRUNEP�";"11";"89";"01/04/2016";"SUB JUDICE";"OFICIAL";"18/04/2017";"";"";"";""
"06/09/2017";"03:34:40";"019396152259";"LUIZ ABAD SOUZA DO NASCIMENTO";"PMB";"PARTIDO DA MULHER BRASILEIRA";"AM";"98477";"TABATINGA";"36";"36";"31/03/2016";"SUB JUDICE";"OFICIAL";"15/10/2016";"";"";"";""
